ID;Device Name;Device Custom Name;Device Type;Component Name;Component Custom Name;Group;First Activity;Last Activity;IP;MAC;Risk Score;External Communication;Tags;Activities;Vuln;Var;VLAN ID;Vendor;OS;Model;Project;Hardware Version;Firmware Version;Serial Number;Sensors;License Required
a7876b1e-1896-566d-a3c4-6bc6e288b4c8;10.4.129.2;;Net Management Server;Fisher 10.4.129.2;;Chemical Emerson Process;2022-11-17 18:34:15.125 +0000 UTC;2026-06-22 00:50:01.997 +0000 UTC;10.4.129.2;00:22:e5:04:45:44;57;No;Net Management Server;2;0;0;;Fisher-Rosemount Systems Inc.;;;;;;;;Yes
ee184deb-4dac-5b2e-9fc0-acb2c3c94dbe;192.168.1.22;;Controller;Lcfc 192.168.1.22;;Station Bus Network;2022-11-30 12:46:41.376 +0000 UTC;2026-06-22 00:50:01.997 +0000 UTC;192.168.1.22;8c:16:45:32:9c:e1;45;No;Controller;1;0;13;;LCFC(HeFei) Electronics Technology co., ltd;;;;;;;;Yes
1b4633ce-4db2-535a-8c6c-72e6760d095c;;;;VMware 192.168.1.145;;Control Center;2022-11-30 12:46:41.233 +0000 UTC;2026-06-22 00:50:01.997 +0000 UTC;192.168.1.145;00:0c:29:84:ce:cb;;No;;1;0;0;;VMware, Inc.;;;;;;;;No
16683386-9cca-5898-8bd5-86eec2a2d615;192.168.105.130;;Controller;PLC_3;;Drilling Machine;2022-11-17 18:34:15.125 +0000 UTC;2026-06-22 00:50:01.997 +0000 UTC;192.168.105.130;28:63:36:82:28:96;61;No;Controller/Read Var/Write Var;3;32;0;;Siemens AG;;;;1;V4.0;S C-E7SJ1284;;Yes
21d42634-8e88-5a37-8c96-d14d35b6e7ce;;;;1756-L55/A 1756-M12/A LOGIX5555 (Port1-Link00);;Packing Machine;2022-11-17 18:34:15.125 +0000 UTC;2026-06-22 00:50:01.997 +0000 UTC;192.168.0.200;00:00:bc:5f:bc:ce;;No;;1;0;0;;Rockwell Automation;;;Conf_SYO;;16.3;0014c199;;No
2fa7d856-6b72-5cca-afe4-70e7d0a5fc62;10.20.100.108;;Master;Zat 10.20.100.108;;IEC104 Traffic;2022-11-17 18:34:15.125 +0000 UTC;2026-06-22 00:50:01.997 +0000 UTC;10.20.100.108;00:16:d1:00:09:05;31;No;Master/Slave;1;0;0;;ZAT a.s.;;;;;;;;Yes
020c8f3d-6e40-591b-8b9e-a24fc19819c9;10.0.0.3;;Controller;Beckwith 10.0.0.3;;Process Bus Network;2022-01-26 17:03:21.283 +0000 UTC;2026-06-22 00:50:01.997 +0000 UTC;10.0.0.3;00:1f:5a:ce:70:51;57;No;Controller;2;0;6;;Beckwith Electric Co.;;;;;;;;Yes
b07b047a-01de-556b-b56a-b2cc355b70d6;10.0.0.3;;Controller;Abb 10.0.0.3;;Process Bus Network;2022-11-30 12:45:27.055 +0000 UTC;2026-06-22 00:50:01.997 +0000 UTC;10.0.0.3;00:90:4f:ce:70:51;57;No;Controller;2;0;6;;ABB POWER T&D COMPANY, INC.;;;;;;;;Yes
2b577483-1e27-5d78-8920-8b1858d06b1e;;;;3com 10.0.0.9;;Process Bus Network;2022-11-30 12:45:27.12 +0000 UTC;2026-06-22 00:50:01.997 +0000 UTC;10.0.0.9;00:50:04:93:70:67;;No;;1;0;0;;3COM;;;;;;;;No
2cc14260-06a6-5d77-aad9-39ebc2feedd9;;;;Cisco 192.168.4.252;;;2022-12-20 13:02:31.339 +0000 UTC;2026-06-22 00:50:01.997 +0000 UTC;192.168.4.252;50:67:ae:2f:84:04;;No;;1;0;0;;Cisco Systems, Inc;;;;;;;;No
e4f97cde-7de8-5c5d-bc5c-37fc4ebee96f;10.39.58.130;;Master;Schweitzer 10.39.58.130;;Control Center;2022-11-30 12:46:40.784 +0000 UTC;2026-06-22 00:50:01.997 +0000 UTC;10.39.58.130;00:30:a7:ee:68:91;45;No;Master;1;0;0;;SCHWEITZER ENGINEERING;;;;;;;;Yes
b72b09e5-d837-56cd-b02e-ef8db636e37d;192.168.1.17;;OPC server;Wago 192.168.1.17;;Secondary substation;2022-11-17 18:34:15.125 +0000 UTC;2026-06-22 00:50:01.997 +0000 UTC;192.168.1.17;00:30:de:42:86:f1;55;No;Controller;2;0;0;;WAGO Kontakttechnik GmbH;;;;;;;;Yes
9bf6b658-125d-51fb-9801-f1521bc7bf2e;192.168.1.17;;OPC server;192.168.1.17;;Secondary substation;2022-11-17 18:34:15.125 +0000 UTC;2026-06-22 00:50:01.997 +0000 UTC;192.168.1.17;00:1e:42:31:9c:1e;55;No;;0;0;0;;;;;;;;;;Yes
8a20c8e4-fb6d-56e5-abe9-c36a5c6eb731;192.168.1.17;;OPC server;Wago 192.168.1.17;WAGO PLC;Secondary substation;2022-11-17 18:34:15.125 +0000 UTC;2026-06-22 00:50:01.997 +0000 UTC;192.168.1.17;00:30:de:42:86:f1;55;No;OPC server/Controller/Web Server;5;0;102;;WAGO Kontakttechnik GmbH;;;;;;;;Yes
35b6a150-f2da-5b12-8d43-f3bd32036ca9;;;;169.254.255.255;;Broadcast Components;2022-01-26 16:58:41.031 +0000 UTC;2026-06-22 00:50:01.997 +0000 UTC;169.254.255.255;ff:ff:ff:ff:ff:ff;;No;IPv4 Link Local;1;0;0;;Broadcast;;;;;;;;No
d6abc60b-0f6c-5c63-9b24-c198528d10ff;10.4.0.46;;Controller;OWS1;;Windows Stations;2022-11-17 18:34:15.125 +0000 UTC;2026-06-22 00:50:01.997 +0000 UTC;10.4.0.46;d4:ae:52:aa:dc:93;43;No;Time Server/DeltaV/Controller/Read Var/Windows/Write Var;11;0;19;;Dell Inc.;Windows 7 or Windows Server 2008 R2;;;;;;;Yes
84501a4a-2bde-54e5-8526-9a76c71efe5a;10.4.0.46;;Controller;OWS1;;Windows Stations;2022-11-17 18:34:15.125 +0000 UTC;2026-06-22 00:50:01.997 +0000 UTC;10.8.0.46;d4:ae:52:aa:dc:93;43;No;Windows;1;0;0;;;;;;;;;;Yes
37fdf245-3549-5958-ae2a-d58d28a8dfe6;;;;3com 10.0.0.8;;Station Bus Network;2022-11-30 12:45:27.071 +0000 UTC;2026-06-22 00:50:01.997 +0000 UTC;10.0.0.8;00:50:04:93:70:67;;No;;1;0;0;;3COM;;;;;;;;No
0e9eedac-bc94-5c4e-9e01-8102f3986313;10.4.0.30;;Controller;SISCTLR-210A86;;Chemical Emerson Process;2022-11-17 18:34:15.125 +0000 UTC;2026-06-22 00:50:01.997 +0000 UTC;10.4.0.30;00:22:e5:21:0a:86;84;No;Time Server/DeltaV/Controller/Read Var/Wireless IO Module/Write Var;4;8;279;;;;DeltaV SZ Controller;;1.5;12.3.0.4976.xr;K134502061;;Yes
1ac88746-4494-5f73-ae07-c3cb3e5c38b3;10.1.2.3;Siemens 10.1.2.3;Controller;Siemens 10.1.2.3;;Process Bus Network;2022-11-30 12:45:27.378 +0000 UTC;2026-06-22 00:50:01.997 +0000 UTC;10.1.2.3;44:86:c1:03:04:05;52;No;Controller/Slave;1;0;7;;Siemens Low Voltage & Products;;;;;;;;Yes
fbcdb5e0-6269-5a2d-95e8-71ddc3be3697;192.168.105.1;;Web Server;Super 192.168.105.1;;Drilling Machine;2022-11-17 18:34:15.125 +0000 UTC;2026-06-22 00:50:01.997 +0000 UTC;192.168.105.1;00:25:90:f9:f5:cc;25;No;Web Server;2;0;0;;Super Micro Computer, Inc.;;;;;;;;Yes
239e18d3-51d8-57d3-86e1-66394ec77e52;10.5.0.30;;Time Server;Fisher 10.5.0.30;;Chemical Emerson Process;2022-11-17 18:34:15.125 +0000 UTC;2026-06-22 00:50:01.997 +0000 UTC;10.5.0.30;00:22:e5:21:0b:aa;76;No;Time Server/DeltaV;4;8;0;;Fisher-Rosemount Systems Inc.;;;;1.5;12.3.0.4976.xr;;;Yes
3f4f0331-5118-5258-b379-b059cf5f9099;;;;OWS1;;Broadcast Components;2022-11-17 18:34:15.125 +0000 UTC;2026-06-22 00:50:01.997 +0000 UTC;10.5.255.255;ff:ff:ff:ff:ff:ff;;No;Time Server/DeltaV;2;0;0;;;;;;;;;;No
4254482d-740f-5431-9b82-06afc762fe1b;;;;Fisher 10.16.116.254;;Chemical Emerson Process;2022-11-17 18:34:15.125 +0000 UTC;2026-06-22 00:50:01.997 +0000 UTC;10.16.116.254;00:22:e5:21:0a:86;;No;;2;0;0;;Fisher-Rosemount Systems Inc.;;;;;;;;No
138ce774-a4ac-526c-ae35-f984f13c2745;192.168.1.50;;Host Config Client;192.168.1.50;;Secondary substation;2022-11-17 18:34:15.125 +0000 UTC;2026-06-22 00:50:01.997 +0000 UTC;192.168.1.50;34:ed:1b:52:95:00;46;No;;1;0;0;;;;;;;;;;Yes
95f348eb-d1b3-56d0-8ee7-6f583e695c2b;192.168.1.50;;Host Config Client;Cisco 192.168.1.50;;Secondary substation;2022-11-17 18:34:15.125 +0000 UTC;2026-06-22 00:50:01.997 +0000 UTC;192.168.1.50;f8:b7:e2:b4:ba:23;46;No;HTTPS Client;0;0;0;;Cisco Systems, Inc;;;;;;;;Yes
c1691885-c814-5922-bb3c-b027fc25c083;192.168.1.50;;Host Config Client;Cisco 192.168.1.50;;Secondary substation;2022-11-17 18:34:15.125 +0000 UTC;2026-06-22 00:50:01.997 +0000 UTC;192.168.1.50;10:f9:20:8b:0b:1a;46;No;;0;0;0;;Cisco Systems, Inc;;;;;;;;Yes
0e15c419-2391-529d-9d0d-c2b450454155;192.168.1.50;;Host Config Client;Cisco 192.168.1.50;;Secondary substation;2022-11-17 18:34:15.125 +0000 UTC;2026-06-22 00:50:01.997 +0000 UTC;192.168.1.50;70:7d:b9:41:3e:bf;46;No;Host Config Client/HTTP Client/HTTPS Client;5;0;0;;Cisco Systems, Inc;;;;;;;;Yes
9b18c098-8354-5ec1-aead-6517d4d1b6af;192.168.234.10;;HTTP Client;192.168.234.10;;Cell-1;2024-11-04 13:15:28.185 +0000 UTC;2026-06-22 00:50:01.997 +0000 UTC;192.168.234.10;3c:18:a0:1c:b0:e9;46;No;HTTP Client;1;0;0;2508;Luxshare Precision Industry Company Limited;;;;;;;;Yes
852af830-41bf-5958-bdd2-7099ae3e8833;192.168.0.18;;Controller;Schweitzer 192.168.0.18;;Station Bus Network;2022-11-30 12:46:39.764 +0000 UTC;2026-06-22 00:50:01.997 +0000 UTC;192.168.0.18;00:30:a7:00:2b:c2;50;No;Controller;1;0;25;;SCHWEITZER ENGINEERING;;Reporting1;;;;;;Yes
498fba3e-c6a1-5d9d-b168-ae97b70e95ca;;;;Telemecanique 172.16.1.20;;;2022-12-20 13:04:41.521 +0000 UTC;2026-06-22 00:50:01.997 +0000 UTC;172.16.1.20;00:80:f4:09:14:34;;No;;1;0;0;;TELEMECANIQUE ELECTRIQUE;;;;;;;;No
9009515b-ee73-57d3-ad7a-cab797ffaa01;192.168.105.70;;Windows;LD810EP;;Building mgmt;2022-11-17 18:34:15.125 +0000 UTC;2026-06-22 00:50:01.997 +0000 UTC;192.168.105.70;00:11:43:6c:f8:89;59;No;Windows;3;10;0;;Dell Inc.;Windows XP;;;;;;;Yes
256e3c3f-6df1-52b4-b561-35716809067d;192.168.1.241;;UNKNOWN_DEVICE;Cisco 192.168.1.241;;Cyber Vision Sensor;2022-11-17 18:34:15.125 +0000 UTC;2026-06-22 00:50:01.997 +0000 UTC;192.168.1.241;d0:ec:35:cd:43:2a;39;No;Cyber Vision Sensor;3;0;0;;Cisco Systems, Inc;;;;;;;;Yes
b880942b-baff-50fc-8f33-75195d88321e;192.168.1.241;;UNKNOWN_DEVICE;Cisco cd:43:2a;;Cyber Vision Sensor;2022-11-17 18:34:15.125 +0000 UTC;2026-06-22 00:50:01.997 +0000 UTC;;d0:ec:35:cd:43:2a;39;No;Cyber Vision Sensor;0;0;0;;Cisco Systems, Inc;;;;;;;;Yes
3f6ca2a2-86d3-5892-84aa-c1d86bf61028;192.168.1.241;;UNKNOWN_DEVICE;Cisco 192.168.1.241;;Cyber Vision Sensor;2022-11-17 18:34:15.125 +0000 UTC;2026-06-22 00:50:01.997 +0000 UTC;192.168.1.241;d0:ec:35:cd:43:2a;39;No;;0;0;0;;Cisco Systems, Inc;;;;;;;;Yes
4c273f85-27ee-5b26-8c03-7a7eb1df167a;;;;Siemens 192.168.105.75;;Drilling Machine;2022-11-17 18:34:15.125 +0000 UTC;2026-06-22 00:50:01.997 +0000 UTC;192.168.105.75;e0:dc:a0:00:7e:1a;;No;Read Var;1;0;0;;Siemens Industrial Automation Products Ltd Chengdu;;;;;;;;No
e92b04f8-edf6-5523-87bc-b41ad7b393af;192.168.0.253;;DNS Server;192.168.0.253;;Enterprise Network;2022-11-17 18:34:15.125 +0000 UTC;2026-06-22 00:50:01.997 +0000 UTC;192.168.0.253;00:19:bb:e1:03:ec;33;No;DNS Server;1;0;0;;Hewlett Packard;;;;;;;;Yes
5895e35f-e2cd-5b6a-acd3-0ee73332c3ad;10.5.0.14;;Controller;CTLR-1F9A54;;Chemical Emerson Process;2022-11-17 18:34:15.125 +0000 UTC;2026-06-22 00:50:01.997 +0000 UTC;10.5.0.14;00:22:e5:1f:9a:9a;84;No;Time Server/DeltaV/Controller/Wireless IO Module;4;8;0;;Fisher-Rosemount Systems Inc.;;;;45.63;12.3.0.4973.xr;;;Yes
542fa132-18c4-5985-aae6-621566a7cae6;;;;Broadcast ff:ff:ff;;Broadcast Components;2022-11-17 18:34:15.125 +0000 UTC;2026-06-22 00:50:01.997 +0000 UTC;;ff:ff:ff:ff:ff:ff;;No;;7;0;0;;Broadcast;;;;;;;;No
00088235-03b3-593c-82bf-64fc1cea1f10;192.168.1.210;;Master;DESKTOP-OBULPSD;;Management Stations;2022-11-17 18:34:15.125 +0000 UTC;2026-06-22 00:50:01.997 +0000 UTC;192.168.1.210;00:0c:29:2b:f4:7b;55;No;DNS Server/HTTPS Client/Master/Remote Admin Server/Windows;1;0;0;;;Windows 10 or Windows Server 2016-2019;;;;;;;Yes
6bb2a3b9-41ee-50a5-9dc6-8e95c58eef12;192.168.1.210;;Master;DESKTOP-OBULPSD;;Management Stations;2022-11-17 18:34:15.125 +0000 UTC;2026-06-22 00:50:01.997 +0000 UTC;192.168.1.210;00:0c:29:2b:f4:7b;55;No;HTTP Client/HTTPS Client/Master/Remote Admin Server/Slave/Windows;2;0;0;;VMware, Inc.;Windows 10 or Windows Server 2016-2019;;;;;;;Yes
1f82aa32-f0a4-56eb-a3bf-abd5175b2bbf;1734-AENTR/B Ethernet Adapter;;Controller;Rockwell 192.168.249.51;;Demo Baseline;2022-12-20 12:47:42.321 +0000 UTC;2026-06-22 00:50:01.997 +0000 UTC;192.168.249.51;f4:54:33:a4:28:13;70;No;;1;0;0;;Rockwell Automation;;;;;;;;Yes
173b61a9-72e3-5881-b703-c3b704e90603;1734-AENTR/B Ethernet Adapter;;Controller;Rockwell 192.168.249.51;;Demo Baseline;2022-12-20 12:47:42.314 +0000 UTC;2026-06-22 00:50:01.997 +0000 UTC;192.168.249.51;f4:54:33:a4:28:13;70;No;;1;0;0;;Rockwell Automation;;;;;;;;Yes
9281f69f-e9cf-55e7-b2ed-659d3e0232d3;1734-AENTR/B Ethernet Adapter;;Controller;1734-AENTR/B Ethernet Adapter;;Demo Baseline;2022-12-20 12:47:35.528 +0000 UTC;2026-06-22 00:50:01.997 +0000 UTC;192.168.249.51;f4:54:33:a4:28:13;70;No;Rockwell Automation;2;3;0;;Rockwell Automation;;;;;5.015;60b98f99;;Yes
787f0d8b-0060-5a2f-8552-e181967e19df;10.5.0.18;;Controller;CIOC-1F8596;;Chemical Emerson Process;2022-11-17 18:34:15.125 +0000 UTC;2026-06-22 00:50:01.997 +0000 UTC;10.5.0.18;00:22:e5:1f:b0:20;84;No;DeltaV/Controller/Read Var;4;8;38;;Fisher-Rosemount Systems Inc.;;DeltaV CHARM I/O Card;;8.7;12.3.0.4974.xr;T113707064;;Yes
ca4c2d97-1e2e-5248-ad81-e1eec7ce9bc3;10.5.0.18;;Controller;CIOC-1F8596;;Chemical Emerson Process;2022-11-17 18:34:15.125 +0000 UTC;2026-06-22 00:50:01.997 +0000 UTC;10.4.0.18;00:22:e5:22:91:ee;84;No;DeltaV/Controller;4;8;0;;Fisher-Rosemount Systems Inc.;;;;8.10;12.3.0.4974.xr;;;Yes
aad4cecd-728b-581c-8fa0-8672f075347d;192.168.116.172;;Host Config Client;C-DFIR-Win7-x86;;Enterprise Network;2022-12-20 13:06:09.609 +0000 UTC;2026-06-22 00:50:01.997 +0000 UTC;192.168.116.172;00:1c:c4:33:c6:dd;39;No;Host Config Client/Windows;7;0;0;;Hewlett Packard;Windows 7 or Windows Server 2008 R2;;;;;;;Yes
a64db5af-1814-53a4-8dab-f7b53813a9ce;IR1101_FCW2424P00Q.local 34:ed:1b:52:95:00;;Routing Capability;IR1101_FCW2424P00Q.local 34:ed:1b:52:95:00;;Secondary substation;2022-11-17 18:34:15.125 +0000 UTC;2026-06-22 00:50:01.997 +0000 UTC;;34:ed:1b:52:95:00;55;No;Cisco/Routing Capability;0;95;0;;Cisco Systems, Inc;;;;;17.6.1a;;;Yes
9362ae27-f452-5962-99ab-ad8f82e7f060;IR1101_FCW2424P00Q.local 34:ed:1b:52:95:00;;Routing Capability;Cisco 192.168.1.67;;Secondary substation;2022-11-17 18:34:15.125 +0000 UTC;2026-06-22 00:50:01.997 +0000 UTC;192.168.1.67;34:ed:1b:52:95:00;55;No;HTTPS Client/Master/Controller/Slave;2;0;8;;Cisco Systems, Inc;;;;;;;;Yes
7a6b5f08-0830-533e-a7c9-b3d4bbd73e13;IR1101_FCW2424P00Q.local 34:ed:1b:52:95:00;;Routing Capability;192.168.1.67;;Secondary substation;2022-11-17 18:34:15.125 +0000 UTC;2026-06-22 00:50:01.997 +0000 UTC;192.168.1.67;34:ed:1b:52:95:00;55;No;HTTP Client;2;0;0;;;;;;;;;;Yes
63b033d7-6dc7-57ca-ab81-1733841c5842;192.168.0.133;;HTTPS Client;192.168.0.133;;Packing Machine;2022-11-17 18:34:15.125 +0000 UTC;2026-06-22 00:50:01.997 +0000 UTC;192.168.0.133;52:54:00:31:fd:ef;30;No;HTTPS Client/Locally Administered MAC/Windows;4;0;0;;Virtual Machine;;;;;;;;Yes
97fcb016-d633-527c-8171-975918f6eb5d;192.168.1.18;IOT_eTANGO;Controller;192.168.1.18;IOT_eTANGO;Secondary substation;2022-11-17 18:34:15.125 +0000 UTC;2026-06-22 00:50:01.997 +0000 UTC;192.168.1.18;56:01:b0:a3:01:12;55;No;Controller;3;0;14;;;;;;;;;;Yes
0450223f-5c93-5a96-adfd-89a43a316981;192.168.119.210;;UNKNOWN_DEVICE;Vmware 192.168.119.210;Vmvare 192.168.119.210;Management Stations;2022-01-26 17:03:21.371 +0000 UTC;2026-06-22 00:50:01.997 +0000 UTC;192.168.119.210;00:0c:29:c9:a8:aa;25;No;;1;0;0;;VMware, Inc.;;;;;;;;No
8b41c46d-1205-5f3c-9c4a-01af3333bb6e;192.168.119.210;;UNKNOWN_DEVICE;Microsoft 192.168.119.210;;Management Stations;2022-12-01 15:02:20.38 +0000 UTC;2026-06-22 00:50:01.997 +0000 UTC;192.168.119.210;f0:6e:0b:c9:a8:aa;25;No;;1;0;0;;Microsoft Corporation;;;;;;;;No
60913f5f-f885-598c-bc8a-e0172ba5521e;;;;Abb 192.168.1.100;;Control Center;2022-11-30 12:46:41.376 +0000 UTC;2026-06-22 00:50:01.997 +0000 UTC;192.168.1.100;b8:9b:e4:04:ba:bd;;No;;1;0;0;;ABB Power Systems Power Generation;;;;;;;;No
e478edd0-4e01-5cb5-b550-7b3644ded1e4;10.0.0.57;;Engineering Station;Beckwith 10.0.0.57;Beckwith 10.0.0.57;Station Bus Network;2022-01-26 17:03:21.283 +0000 UTC;2026-06-22 00:50:01.997 +0000 UTC;10.0.0.57;00:1f:5a:00:62:0d;48;No;Engineering Station;2;0;0;;Beckwith Electric Co.;;;;;;;;Yes
d596a4e6-1f8c-50e8-a4fb-16389354f920;10.0.0.57;;Engineering Station;Abb 10.0.0.57;;Station Bus Network;2022-11-30 12:45:27.055 +0000 UTC;2026-06-22 00:50:01.997 +0000 UTC;10.0.0.57;b8:9b:e4:00:62:0d;48;No;;2;0;0;;ABB Power Systems Power Generation;;;;;;;;Yes
ee85a465-c9fa-56d2-8888-82a14d5af904;28:63:36:94:9e:7d;;IO Module;Siemens 94:9e:7d;;Demo Baseline;2022-12-20 12:49:10.752 +0000 UTC;2026-06-22 00:50:01.997 +0000 UTC;;28:63:36:94:9e:7d;42;No;IO Module;2;0;0;;Siemens AG;;;;;;;;Yes
677aac52-e47f-5bc4-981b-5bd5e2b12ce4;;;;Hewlett 255.255.255.255;;;2022-12-20 13:06:10.423 +0000 UTC;2026-06-22 00:50:01.997 +0000 UTC;255.255.255.255;00:19:bb:4f:4c:d8;;No;;1;0;0;;Hewlett Packard;;;;;;;;No
d63a675e-3a43-555e-94a2-3c838cf788ed;192.168.116.149;;Host Config Client;DFIR-Win7-x86;;Enterprise Network;2022-11-17 18:34:15.125 +0000 UTC;2026-06-22 00:50:01.997 +0000 UTC;192.168.116.149;00:25:b3:f5:fa:74;39;No;Host Config Client/Windows;9;0;0;;Hewlett Packard;Windows 7 or Windows Server 2008 R2;;;;;;;Yes
be0b463b-832c-5e43-8c6d-89c3d1e86b3f;10.4.0.14;;Controller;Fisher 10.4.0.14;;Chemical Emerson Process;2022-11-17 18:34:15.125 +0000 UTC;2026-06-22 00:50:01.997 +0000 UTC;10.4.0.14;00:22:e5:1f:9a:54;84;No;Time Server/DeltaV/Controller/Read Var/Write Var;3;8;145;;Fisher-Rosemount Systems Inc.;;DeltaV SD Plus Controller;;Rev 45.63;12.3.0.4973.xr;T113217397;;Yes
be21ab10-4521-50da-b707-6a76819b6a2b;192.168.116.143;;Host Config Client;TESTDC1;;Enterprise Network;2022-11-17 18:34:15.125 +0000 UTC;2026-06-22 00:50:01.997 +0000 UTC;192.168.116.143;a4:1f:72:20:54:01;29;No;Host Config Client/Windows;6;0;0;;Dell Inc.;Windows 8.1 or Windows Server 2012 R2;;;;;;;Yes
8b0b9aa8-180b-5394-84f0-33d1176c8531;192.168.116.254;;Host Config Server;192.168.116.254;;Enterprise Network;2022-11-17 18:34:15.125 +0000 UTC;2026-06-22 00:50:01.997 +0000 UTC;192.168.116.254;00:08:83:e7:3a:14;48;No;Host Config Server;5;0;0;;Hewlett Packard;;;;;;;;Yes
74c47307-a75c-5f28-9325-41a56f8abb0e;;;;Siemens 192.168.105.150;;Drilling Machine;2022-11-17 18:34:15.125 +0000 UTC;2026-06-22 00:50:01.997 +0000 UTC;192.168.105.150;28:63:36:1e:10:05;;No;Read Var/Write Var;2;0;0;;Siemens AG;;;;;;;;No
87b2b178-1920-5522-8d05-51794151558e;192.168.1.126;;SCADA Station;Yokogawa 192.168.1.126;;Furnace;2022-11-17 18:34:15.125 +0000 UTC;2026-06-22 00:50:01.997 +0000 UTC;192.168.1.126;00:00:64:8c:bb:08;53;No;;7;0;0;;Yokogawa Digital Computer Corporation;;;;;;;;No
ed889cf4-3fd7-5977-b6ad-38e0127cbe59;192.168.105.112;;Controller;PLC_1;;Drilling Machine;2022-11-17 18:34:15.125 +0000 UTC;2026-06-22 00:50:01.997 +0000 UTC;192.168.105.112;28:63:36:85:b3:32;61;No;Controller/Read Var/Write Var;4;37;0;;Siemens AG;;;;4;V1.6;S C-ENSK66872014;;Yes
a6274876-0ce8-56e2-93cd-260b5ea84bcb;192.168.1.254;;Time Server;Hirschmann 192.168.1.254;;Furnace;2022-11-17 18:34:15.125 +0000 UTC;2026-06-22 00:50:01.997 +0000 UTC;192.168.1.254;ec:74:ba:03:98:6b;37;No;Time Server;1;0;0;;Hirschmann Automation and Control GmbH;;;;;;;;Yes
41e55e98-1b1c-5310-b263-ad0e315f5dc5;192.168.1.230;;Remote Admin Server;WIN10;;Management Stations;2022-11-17 18:34:15.125 +0000 UTC;2026-06-22 00:50:01.997 +0000 UTC;192.168.1.230;00:0c:29:4d:14:df;55;No;DNS Server/HTTP Client/HTTPS Client/Net Management Server/Remote Admin Server/Windows;6;0;0;;;Windows 10 or Windows Server 2016-2019;;;;;;;Yes
305e37fd-2cc5-5eff-91fe-c48a050084b6;192.168.1.230;;Remote Admin Server;192.168.1.230;;Management Stations;2024-03-22 14:48:44.942 +0000 UTC;2026-06-22 00:50:01.997 +0000 UTC;192.168.1.230;00:0c:29:4d:14:df;55;Yes;HTTP Client/HTTPS Client;0;0;0;;VMware, Inc.;;;;;;;;Yes
ec3b8d31-11d1-594a-a21a-9ff4dbd8664b;192.168.1.230;;Remote Admin Server;WIN10;;Management Stations;2022-11-17 18:34:15.125 +0000 UTC;2026-06-22 00:50:01.997 +0000 UTC;192.168.1.230;00:0c:29:4d:14:df;55;No;HTTPS Client/Windows;3;0;0;;VMware, Inc.;;;;;;;;Yes
e15306ec-c988-51b2-9849-3dfec11500a0;10.4.129.1;;Net Management Server;Fisher 10.4.129.1;;Chemical Emerson Process;2022-11-17 18:34:15.125 +0000 UTC;2026-06-22 00:50:01.997 +0000 UTC;10.4.129.1;00:22:e5:12:4c:90;57;No;Net Management Server;2;0;0;;Fisher-Rosemount Systems Inc.;;;;;;;;Yes
53558420-854b-56c2-8a87-94a25761c9fa;10.4.129.1;;Net Management Server;Fisher 12:4c:90;;Chemical Emerson Process;2022-11-17 18:34:15.125 +0000 UTC;2026-06-22 00:50:01.997 +0000 UTC;;00:22:e5:12:4c:90;57;No;;1;0;0;;Fisher-Rosemount Systems Inc.;;;;;;;;Yes
859a11a8-a89f-5703-8207-f095d2f8c30b;;;;LD810EP;;Broadcast Components;2022-11-17 18:34:15.125 +0000 UTC;2026-06-22 00:50:01.997 +0000 UTC;192.168.105.255;ff:ff:ff:ff:ff:ff;;No;;2;0;0;;;;;;;;;;No
db772c27-e00e-5adf-a5a6-a0672357b60b;EWONPLC | 1769-L24ER-QBFC1B/B LOGIX5324ER;;Controller;EWONPLC | 1769-L24ER-QBFC1B/B LOGIX5324ER;;Rockwell;2024-11-04 13:15:28.2 +0000 UTC;2026-06-22 00:50:01.997 +0000 UTC;192.168.234.30;08:61:95:a9:06:29;77;No;Controller/Rockwell Automation;1;3;0;2508;Rockwell Automation;;;;;35.11;d0b94fb6;;Yes
e85f56c6-a367-5e2e-9711-40cfefef94cb;EWONPLC | 1769-L24ER-QBFC1B/B LOGIX5324ER;;Controller;" (P1-L03)";;Rockwell;2024-11-04 13:15:28.218 +0000 UTC;2026-06-22 00:50:01.997 +0000 UTC;192.168.234.30;08:61:95:a9:06:29;77;No;Rockwell Automation;1;0;0;2508;Rockwell Automation;;;;;1.1;;;Yes
f45731a7-bdd8-5b3a-886d-0abd31621e55;EWONPLC | 1769-L24ER-QBFC1B/B LOGIX5324ER;;Controller;" (P1-L01)";;Rockwell;2024-11-04 13:15:28.218 +0000 UTC;2026-06-22 00:50:01.997 +0000 UTC;192.168.234.30;08:61:95:a9:06:29;77;No;Rockwell Automation;1;0;0;2508;Rockwell Automation;;;;;3.1;;;Yes
5eb8c586-51a5-51b0-97a6-a22524b2a59c;EWONPLC | 1769-L24ER-QBFC1B/B LOGIX5324ER;;Controller;" (P1-L02)";;Rockwell;2024-11-04 13:15:28.218 +0000 UTC;2026-06-22 00:50:01.997 +0000 UTC;192.168.234.30;08:61:95:a9:06:29;77;No;Rockwell Automation;1;0;0;2508;Rockwell Automation;;;;;1.1;;;Yes
2cc7e11b-2485-577b-b2c2-33fb02bd33e6;EWONPLC | 1769-L24ER-QBFC1B/B LOGIX5324ER;;Controller;EWONPLC | 1769-L24ER-QBFC1B/B LOGIX5324ER (P1-L00);;Rockwell;2024-11-04 13:15:28.218 +0000 UTC;2026-06-22 00:50:01.997 +0000 UTC;192.168.234.30;08:61:95:a9:06:29;77;No;Controller/Rockwell Automation;1;3;0;2508;Rockwell Automation;;;;;35.11;d0b94fb6;;Yes
bf5e6efa-6820-5119-a018-dfe40c0f6c08;192.168.0.12;;HTTP Client;Intel 192.168.0.12;;Enterprise Network;2022-11-17 18:34:15.125 +0000 UTC;2026-06-22 00:50:01.997 +0000 UTC;192.168.0.12;64:80:99:d8:5d:4c;32;No;HTTP Client;2;0;0;;Intel Corporate;;;;;;;;Yes
9ffd30a2-849d-5c49-8869-20897a63b2a9;192.168.119.211;;Controller;Vmware 192.168.119.211;;Station Bus Network;2022-11-30 12:46:40.815 +0000 UTC;2026-06-22 00:50:01.997 +0000 UTC;192.168.119.211;00:0c:29:ff:1d:3d;55;No;Controller;1;0;0;;VMware, Inc.;;FT-MBSV;;;0.0.0.0;;;Yes
410538fd-8e84-50f1-8841-054a89f65156;192.168.119.211;;Controller;Lantronix 192.168.119.211;;Station Bus Network;2022-12-01 15:02:20.38 +0000 UTC;2026-06-22 00:50:01.997 +0000 UTC;192.168.119.211;00:80:a3:ff:1d:3d;55;No;Controller;1;0;64;;Lantronix;;;;;;;;Yes
a999a7ca-624c-5e99-a471-e840091b5718;1734-AENTR/B Ethernet Adapter;;IO Module;Rockwell 192.168.1.141;;Rockwell;2022-11-17 18:34:15.125 +0000 UTC;2026-06-22 00:50:01.997 +0000 UTC;192.168.1.141;e4:90:69:a0:27:27;74;No;;1;0;0;;Rockwell Automation;;;;;;;;Yes
b3ef8abf-d9d7-57cb-8e59-4e774b3ec5b7;1734-AENTR/B Ethernet Adapter;;IO Module;Rockwell 192.168.1.141;;Rockwell;2022-11-17 18:34:15.125 +0000 UTC;2026-06-22 00:50:01.997 +0000 UTC;192.168.1.141;e4:90:69:a0:27:27;74;No;;1;0;0;;Rockwell Automation;;;;;;;;Yes
9936214b-d373-5b8e-96c8-0ad97c8f4131;1734-AENTR/B Ethernet Adapter;;IO Module;Rockwell a0:27:27;;Rockwell;2022-11-17 18:34:15.125 +0000 UTC;2026-06-22 00:50:01.997 +0000 UTC;;e4:90:69:a0:27:27;74;No;;0;0;0;;Rockwell Automation;;;;;;;;Yes
92e7b28b-30e8-5447-a94e-feb00d72a090;1734-AENTR/B Ethernet Adapter;;IO Module;Rockwell 192.168.1.141;;Rockwell;2022-11-17 18:34:15.125 +0000 UTC;2026-06-22 00:50:01.997 +0000 UTC;192.168.1.141;e4:90:69:a0:27:27;74;No;IO Module;1;0;0;;Rockwell Automation;;;;;;;;Yes
6d9f60aa-de81-5941-9200-60f716a4e38b;1734-AENTR/B Ethernet Adapter;;IO Module;1734-AENTR/B Ethernet Adapter;;Rockwell;2022-11-17 18:34:15.125 +0000 UTC;2026-06-22 00:50:01.997 +0000 UTC;192.168.1.141;e4:90:69:a0:27:27;74;No;IO Module/Rockwell Automation;1;3;0;;Rockwell Automation;;;;;4.006;60467406;;Yes
17957a35-8ecc-5467-b5e8-634f7757cc3d;1734-AENTR/B Ethernet Adapter;;IO Module;Rockwell a0:27:27;;Rockwell;2022-11-17 18:34:15.125 +0000 UTC;2026-06-22 00:50:01.997 +0000 UTC;;e4:90:69:a0:27:27;74;No;;0;0;0;;Rockwell Automation;;;;;;;;Yes
08197c4c-0f50-5dd7-8a24-62cbf97dc7bd;1734-AENTR/B Ethernet Adapter;;IO Module;Rockwell 192.168.1.141;;Rockwell;2022-11-17 18:34:15.125 +0000 UTC;2026-06-22 00:50:01.997 +0000 UTC;192.168.1.141;e4:90:69:a0:27:27;74;No;;1;0;0;;Rockwell Automation;;;;;;;;Yes
b05a5cd3-404f-5aab-b331-a7d57dd941e1;1734-AENTR/B Ethernet Adapter;;IO Module;Rockwell 192.168.1.141;;Rockwell;2022-11-17 18:34:15.125 +0000 UTC;2026-06-22 00:50:01.997 +0000 UTC;192.168.1.141;e4:90:69:a0:27:27;74;No;;1;0;0;;Rockwell Automation;;;;;;;;Yes
a2db1fb8-c6e4-56e4-917a-385a5ceb4903;SecDemo_LinePLC | 1769-L16ER/B LOGIX5316ER;;Controller;1769-L16ER/B LOGIX5316ER;;Demo Baseline;2022-12-20 12:47:35.308 +0000 UTC;2026-06-22 00:50:01.997 +0000 UTC;192.168.249.50;f4:54:33:91:cb:ee;75;No;Controller/Rockwell Automation;4;14;0;;Rockwell Automation;;;;;31.011;60771949;;Yes
732932b5-78b5-5df4-bdf7-25075fbb64fc;SecDemo_LinePLC | 1769-L16ER/B LOGIX5316ER;;Controller;24VDC 16PT INPUT & 16PT OUTPUT (Port1-Link01);;Demo Baseline;2022-12-20 12:47:40.166 +0000 UTC;2026-06-22 00:50:01.997 +0000 UTC;192.168.249.50;f4:54:33:91:cb:ee;75;No;Rockwell Automation;1;0;0;;Rockwell Automation;;;;;31.011;;;Yes
35e76283-7df2-5b40-a808-55f47575163d;SecDemo_LinePLC | 1769-L16ER/B LOGIX5316ER;;Controller;SecDemo_LinePLC | 1769-L16ER/B LOGIX5316ER (Port1-Link00);;Demo Baseline;2022-12-20 12:47:40.147 +0000 UTC;2026-06-22 00:50:01.997 +0000 UTC;192.168.249.50;f4:54:33:91:cb:ee;75;No;Controller/Rockwell Automation;1;14;0;;Rockwell Automation;;;;;31.011;60771949;;Yes
2e07e756-7396-50bf-a0c2-048886d4e481;10.4.0.6;;Time Server;Dell 10.4.0.6;;Windows Stations;2022-11-17 18:34:15.125 +0000 UTC;2026-06-22 00:50:01.997 +0000 UTC;10.4.0.6;84:8f:69:e1:a7:9b;60;No;Time Server/DeltaV/DNS Server/Read Var/Windows/Wireless IO Module;14;11;2;;Dell Inc.;Windows Vista or Windows Server 2008;WIRELESS_HART_IO_CARD;;;12.3;;;Yes
92abb5ad-e2d3-5b0a-91b0-f43ead5be805;192.168.0.22;;Engineering Station;Schweitzer 192.168.0.22;;Control Center;2022-11-30 12:46:39.764 +0000 UTC;2026-06-22 00:50:01.997 +0000 UTC;192.168.0.22;00:30:a7:3f:30:5f;53;No;Engineering Station;1;0;0;;SCHWEITZER ENGINEERING;;;;;;;;Yes
9710ed0e-0521-5f50-827a-db38e60cc74e;;;;192.168.116.255;;Broadcast Components;2022-11-17 18:34:15.125 +0000 UTC;2026-06-22 00:50:01.997 +0000 UTC;192.168.116.255;ff:ff:ff:ff:ff:ff;;No;;5;0;0;;;;;;;;;;No
28a4edc2-76c3-5575-8ee5-5dcea802ca5a;169.254.92.57;;Windows;packet-reply;;Packet Reply;2022-01-26 16:59:28.237 +0000 UTC;2026-06-22 00:50:01.997 +0000 UTC;;00:0c:29:ec:a6:68;45;No;;2;0;0;;VMware, Inc.;;;;;;;;Yes
bfb6492a-82f8-5660-a748-26af0a1718e7;169.254.92.57;;Windows;packet-reply;;Packet Reply;2022-01-26 16:56:35.289 +0000 UTC;2026-06-22 00:50:01.997 +0000 UTC;;00:0c:29:b6:71:54;45;No;;1;0;0;;VMware, Inc.;;;;;;;;Yes
bcbcf658-df8f-5eda-9ba2-ac00c72725e4;169.254.92.57;;Windows;PACKET-REPLY;;Packet Reply;2022-01-26 16:58:41.031 +0000 UTC;2026-06-22 00:50:01.997 +0000 UTC;169.254.92.57;00:0c:29:ec:a6:68;45;No;IPv4 Link Local/Windows;3;0;0;;VMware, Inc.;Windows 7 or Windows Server 2008 R2;;;;;;;Yes
6b468ab5-a943-5d07-952a-34e1f31e1679;192.168.1.6;;Controller;Cisco 192.168.1.6;;Siemens;2022-11-17 18:34:15.125 +0000 UTC;2026-06-22 00:50:01.997 +0000 UTC;192.168.1.6;34:ed:1b:52:95:00;82;No;;0;0;0;;Cisco Systems, Inc;;;;;;;;Yes
0b1abaa4-d503-5ea0-9539-11855ea61779;192.168.1.6;;Controller;Siemens 49:49:76;;Siemens;2022-11-17 18:34:15.125 +0000 UTC;2026-06-22 00:50:01.997 +0000 UTC;;e0:dc:a0:49:49:76;82;No;IO Module;1;0;0;;Siemens Industrial Automation Products Ltd Chengdu;;;;;;;;Yes
1bcba2c7-be48-5c36-83e6-384fa1c944a0;192.168.1.6;;Controller;Siemens 49:49:76;;Siemens;2022-11-17 18:34:15.125 +0000 UTC;2026-06-22 00:50:01.997 +0000 UTC;;e0:dc:a0:49:49:76;82;No;;1;0;0;;Siemens Industrial Automation Products Ltd Chengdu;;;;;;;;Yes
45523f77-13a0-5b1a-95e7-dfc66a54abfe;192.168.1.6;;Controller;192.168.1.6;;Siemens;2022-11-17 18:34:15.125 +0000 UTC;2026-06-22 00:50:01.997 +0000 UTC;192.168.1.6;f6:36:5e:eb:77:27;82;No;;0;0;0;;;;;;;;;;Yes
54979e31-036f-5e45-9b93-f15f79b82c2a;192.168.1.6;;Controller;Cisco 192.168.1.6;;Siemens;2022-11-17 18:34:15.125 +0000 UTC;2026-06-22 00:50:01.997 +0000 UTC;192.168.1.6;f8:b7:e2:b4:ba:23;82;No;;0;0;0;;Cisco Systems, Inc;;;;;;;;Yes
a12d51bc-6f34-5dfb-8dc5-760daf70d71d;192.168.1.6;;Controller;plcxb1d0ed;;Siemens;2022-11-17 18:34:15.125 +0000 UTC;2026-06-22 00:50:01.997 +0000 UTC;192.168.1.6;e0:dc:a0:49:49:76;82;No;Controller;4;0;0;;Siemens Industrial Automation Products Ltd Chengdu;;;;;;;;Yes
fa92c90a-ab03-525b-8b04-1071d9505194;192.168.1.6;;Controller;192.168.1.6;;Siemens;2022-11-17 18:34:15.125 +0000 UTC;2026-06-22 00:50:01.997 +0000 UTC;192.168.1.6;a4:83:e7:c0:70:cc;82;No;;0;0;0;;;;;;;;;;Yes
e88370f4-3d9c-539e-aa29-33dbc7ea5b8b;192.168.1.6;;Controller;Siemens 192.168.1.6;;Siemens;2022-11-17 18:34:15.125 +0000 UTC;2026-06-22 00:50:01.997 +0000 UTC;192.168.1.6;e0:dc:a0:49:49:76;82;No;Controller;2;29;0;;Siemens Industrial Automation Products Ltd Chengdu;;;;9;V4.2;S V-K7B34741;;Yes
d22ba47e-34d9-5011-9b44-d886642f01f6;192.168.1.6;;Controller;192.168.1.6;;Siemens;2022-11-17 18:34:15.125 +0000 UTC;2026-06-22 00:50:01.997 +0000 UTC;192.168.1.6;34:ed:1b:52:95:00;82;No;;0;0;0;;;;;;;;;;Yes
b1bd3dc2-c8a7-5191-9d24-9c5ccce688dd;192.168.1.6;;Controller;Cisco 192.168.1.6;;Siemens;2022-11-17 18:34:15.125 +0000 UTC;2026-06-22 00:50:01.997 +0000 UTC;192.168.1.6;10:f9:20:8b:0b:1a;82;No;;0;0;0;;Cisco Systems, Inc;;;;;;;;Yes
9f9f0fa0-e877-50ac-bf64-a7f5b47a5c4c;;;;Profinet DCP Multicast 0:0:0;;Broadcast Components;2022-11-17 18:34:15.125 +0000 UTC;2026-06-22 00:50:01.997 +0000 UTC;;01:0e:cf:00:00:00;;No;;2;0;0;;Profinet DCP Multicast;;;;;;;;No
31f6a692-170a-58a3-abc9-a3f15fd632d5;192.168.1.11;;IO Module;Siemens 1c:6a:c4;;Siemens;2022-11-17 18:34:15.125 +0000 UTC;2026-06-22 00:50:01.997 +0000 UTC;;ac:64:17:1c:6a:c4;59;No;IO Module;1;0;0;;Siemens AG;;;;;;;;Yes
b20a957b-aaf5-5f4f-a664-b67db107df49;192.168.1.11;;IO Module;kp8xb1dd2c;;Siemens;2022-11-17 18:34:15.125 +0000 UTC;2026-06-22 00:50:01.997 +0000 UTC;192.168.1.11;ac:64:17:1c:6a:c4;59;No;IO Module;4;0;0;;Siemens AG;;;;;;;;Yes
9b335dc0-0946-5d0a-a123-491f66a679e6;192.168.1.11;;IO Module;kp8xb1dd2c;;Siemens;2022-11-17 18:34:15.125 +0000 UTC;2026-06-22 00:50:01.997 +0000 UTC;192.168.1.11;ac:64:17:1c:6a:c4;59;No;IO Module;1;0;0;;Siemens AG;;;;;;;;Yes
df338c24-4f32-5ffb-adb5-b3dca03bcc7c;192.168.1.11;;IO Module;Vmware 192.168.1.11;;Siemens;2022-11-17 18:34:15.125 +0000 UTC;2026-06-22 00:50:01.997 +0000 UTC;192.168.1.11;00:0c:29:19:b4:2d;59;No;;0;0;0;;VMware, Inc.;;;;;;;;Yes
a787bf59-26c0-54d7-84ca-c5fc5377a1da;;;;STATION-WINCC;;Broadcast Components;2022-11-17 18:34:15.125 +0000 UTC;2026-06-22 00:50:01.997 +0000 UTC;192.168.0.255;ff:ff:ff:ff:ff:ff;;No;;3;0;0;;;;;;;;;;No
99251537-2a0b-5660-b78e-3d3ef09cb8c6;192.168.234.20;;Remote Access Gateway;192.168.234.20;;Cell-1;2024-11-04 13:15:28.185 +0000 UTC;2026-06-22 00:50:01.997 +0000 UTC;192.168.234.20;00:03:27:57:f2:c5;52;No;Ewon/Remote Access Gateway/Web Server;3;0;0;2508;Ewon Inc.;;;;;;;;Yes
16a3a6f7-9ad0-5308-8cb7-59e8e905e71d;SIMATIC 300(1);;Controller;Siemens 84:5b:a6;;Folding Production Line;2022-11-17 18:34:15.125 +0000 UTC;2026-06-22 00:50:01.997 +0000 UTC;;00:0e:8c:84:5b:a6;72;No;;2;0;0;;Siemens AG;;;;;;;;Yes
263e1aab-d67e-56a5-979c-c698d8fe3377;SIMATIC 300(1);;Controller;SIMATIC 300(1);;Folding Production Line;2022-11-17 18:34:15.125 +0000 UTC;2026-06-22 00:50:01.997 +0000 UTC;192.168.0.1;00:0e:8c:84:5b:a6;72;No;Controller/Read Var;5;22;13;;Siemens AG;;CPU 315-2 PN/DP;;3;V 2.5.0;S C-V1R583472007;;Yes
bdf96307-fe99-590c-8cfd-2b6fd6cb6e30;192.168.0.154;;Camera;192.168.0.154;;Packing Machine;2025-10-15 10:04:47.105 +0000 UTC;2026-06-22 00:50:01.997 +0000 UTC;192.168.0.154;00:07:5f:ac:97:66;44;No;Bosch/Camera/Web Server;1;2;0;;Bosch GmbH;;;;CPP7.3;7.85.0016;;;Yes
343b9236-6ace-5d9a-a613-00a16625c145;192.168.0.10;;SCADA Station;Siemens 192.168.0.10;;Folding Production Line;2022-11-17 18:34:15.125 +0000 UTC;2026-06-22 00:50:01.997 +0000 UTC;192.168.0.10;00:0e:8c:83:8b:ae;55;No;Read Var/SCADA Station;2;0;0;;Siemens AG;;;;;;;;Yes
6a87b363-2415-5408-8b20-90d266d0bc8c;192.168.116.138;;Windows;DFIR-Win7-x64;;Enterprise Network;2022-12-20 13:06:10.192 +0000 UTC;2026-06-22 00:50:01.997 +0000 UTC;192.168.116.138;00:19:bb:4f:4c:d8;38;No;Windows;6;0;0;;Hewlett Packard;;;;;;;;Yes
50938994-ab25-5e9e-875e-b472db3cd865;192.168.0.155;;SCADA Station;192.168.0.155;;Folding Production Line;2022-11-17 18:34:15.125 +0000 UTC;2026-06-22 00:50:01.997 +0000 UTC;192.168.0.155;52:54:00:c6:6b:fc;78;No;Read Var/SCADA Station/Windows;3;10;0;;;Windows XP;;;;;;;Yes
b59a8e78-cf84-5ec2-b8a9-b8af4651095f;;;;OWS1;;Chemical Emerson Process;2022-11-17 18:34:15.125 +0000 UTC;2026-06-22 00:50:01.997 +0000 UTC;232.108.116.118;01:00:5e:6c:74:76;;No;DeltaV;4;0;0;;;;;;;;;;No
18a6a852-5278-51ff-b65d-5981645bbc7d;192.168.1.5;;Controller;Yokogawa 192.168.1.4;;Furnace;2022-11-17 18:34:15.125 +0000 UTC;2026-06-22 00:50:01.997 +0000 UTC;192.168.1.4;00:00:64:8c:86:08;70;No;;4;0;0;;Yokogawa Digital Computer Corporation;;;;;;;;Yes
4e40ad90-fa70-5e12-b79b-bf17bfb3509d;192.168.1.5;;Controller;SCS0102;;Furnace;2022-11-17 18:34:15.125 +0000 UTC;2026-06-22 00:50:01.997 +0000 UTC;192.168.1.5;00:00:64:8c:86:34;70;No;Time Server/Controller;8;32;0;;Yokogawa Digital Computer Corporation;;SSC50D-F;;;3.02.20;;;Yes
7b4fec7d-bff6-58d6-a82f-9b1f590e6404;S7-400 station_1;;Controller;S7-400 station_1;;Drilling Machine;2022-11-17 18:34:15.125 +0000 UTC;2026-06-22 00:50:01.997 +0000 UTC;192.168.105.115;00:1b:1b:b6:f6:99;56;No;Controller/Read Var;2;17;22;;Siemens AG,;;PLC_4;;3;V 6.0.3;SVPEN250894;;Yes
6b25c6f4-9cbb-5016-adad-9c0ef0e5bb55;10.20.102.1;;Master;Asustek 10.20.102.1;;IEC104 Traffic;2022-11-17 18:34:15.125 +0000 UTC;2026-06-22 00:50:01.997 +0000 UTC;10.20.102.1;00:22:15:56:0b:54;31;No;Master/Slave;1;0;0;;ASUSTek COMPUTER INC.;;;;;;;;Yes
c4be08c8-774a-54c0-8189-ba06ca411355;;;;239.255.255.250;;Packet Reply;2022-11-18 12:50:01.161 +0000 UTC;2026-06-22 00:50:01.997 +0000 UTC;239.255.255.250;01:00:5e:7f:ff:fa;;No;;3;0;0;;IPv4 Multicast;;;;;;;;No
c550b805-cc6b-5eeb-9a15-4544221f922a;;;;239.192.24.4;;Furnace 2;2022-11-17 18:34:15.125 +0000 UTC;2026-06-22 00:50:01.997 +0000 UTC;239.192.24.4;01:00:5e:40:18:04;;No;;4;0;0;;;;;;;;;;No
c8149daf-213d-5b09-ab3e-08c515c7f5be;;;;239.192.24.0;;Furnace 2;2022-11-17 18:34:15.125 +0000 UTC;2026-06-22 00:50:01.997 +0000 UTC;239.192.24.0;01:00:5e:40:18:00;;No;;5;0;0;;;;;;;;;;No
0b2256d0-0b53-5ceb-a969-955bde1ef70a;192.168.1.200;;Controller;Schweitzer 192.168.1.200;;Station Bus Network;2022-11-30 12:46:41.233 +0000 UTC;2026-06-22 00:50:01.997 +0000 UTC;192.168.1.200;00:30:a7:10:a1:57;50;No;Controller;1;0;254;;SCHWEITZER ENGINEERING;;;;;;;;Yes
3c7f7899-58e1-5ee6-ac65-39f3cb22130b;10.4.0.22;;Controller;WIOC-1F903A;;Chemical Emerson Process;2022-11-17 18:34:15.125 +0000 UTC;2026-06-22 00:50:01.997 +0000 UTC;10.5.0.22;00:22:e5:1f:90:18;84;No;DeltaV/Controller/Read Var/Write Var;4;8;60;;Fisher-Rosemount Systems Inc.;;DeltaV Wireless I/O Card;;Rev 9.3;12.3.0.4972.xr;T113109701;;Yes
049b8652-caf5-587f-9d25-04a464894d3d;10.4.0.22;;Controller;Fisher 10.4.0.22;;Chemical Emerson Process;2022-11-17 18:34:15.125 +0000 UTC;2026-06-22 00:50:01.997 +0000 UTC;10.4.0.22;00:22:e5:1f:90:3a;84;No;DeltaV/Controller;4;8;0;;Fisher-Rosemount Systems Inc.;;;;9.3;12.3.0.4972.xr;;;Yes
f2a3a848-17e1-5d38-a2de-b9ceb628aed0;1769-L36ERM/A LOGIX5336ERM;;Controller;192.168.1.106;;Rockwell;2022-11-17 18:34:15.125 +0000 UTC;2026-06-22 00:50:01.997 +0000 UTC;192.168.1.106;6c:71:0d:15:cc:49;77;No;;0;0;0;;;;;;;;;;Yes
419cb114-4146-51eb-a8ad-25e15f2ecfe5;1769-L36ERM/A LOGIX5336ERM;;Controller;Rockwell 192.168.1.106;;Rockwell;2022-11-17 18:34:15.125 +0000 UTC;2026-06-22 00:50:01.997 +0000 UTC;192.168.1.106;00:00:bc:d1:b2:a5;77;No;Web Server;2;0;0;;Rockwell Automation;;;;;;;;Yes
74270e6b-faf4-5800-952a-309a1d61b3bd;1769-L36ERM/A LOGIX5336ERM;;Controller;Cisco 192.168.1.106;;Rockwell;2022-11-17 18:34:15.125 +0000 UTC;2026-06-22 00:50:01.997 +0000 UTC;192.168.1.106;f8:a5:c5:82:8c:01;77;No;;0;0;0;;Cisco Systems, Inc;;;;;;;;Yes
c081a208-9e52-5abf-9300-28f9afcb6181;1769-L36ERM/A LOGIX5336ERM;;Controller;1769-L36ERM/A LOGIX5336ERM;;Rockwell;2022-11-17 18:34:15.125 +0000 UTC;2026-06-22 00:50:01.997 +0000 UTC;192.168.1.106;00:00:bc:d1:b2:a5;77;No;IO Module/Controller/Rockwell Automation;1;18;0;;Rockwell Automation;;;;;30.011;00830f74;;Yes
d435e071-51e8-5d53-a6cb-732c768071d0;1769-L36ERM/A LOGIX5336ERM;;Controller;Rockwell d1:b2:a5;;Rockwell;2022-11-17 18:34:15.125 +0000 UTC;2026-06-22 00:50:01.997 +0000 UTC;;00:00:bc:d1:b2:a5;77;No;;0;0;0;;Rockwell Automation;;;;;;;;Yes
dfebe759-6520-5e36-973c-6a9d9443d8bb;1769-L36ERM/A LOGIX5336ERM;;Controller;Rockwell d1:b2:a5;;Rockwell;2022-11-17 18:34:15.125 +0000 UTC;2026-06-22 00:50:01.997 +0000 UTC;;00:00:bc:d1:b2:a5;77;No;;0;0;0;;Rockwell Automation;;;;;;;;Yes
d71b6553-97af-592e-8e97-270e8a33c84b;192.168.1.124;;SCADA Station;Yokogawa 192.168.1.124;;Furnace 2;2022-11-17 18:34:15.125 +0000 UTC;2026-06-22 00:50:01.997 +0000 UTC;192.168.1.124;00:00:64:8c:6a:2c;48;No;;7;0;0;;Yokogawa Digital Computer Corporation;;;;;;;;No
04e89094-7547-5b9b-a8d2-8bc5c44dd68b;192.168.0.2;;IO Module;IM151-3PN;;Folding Production Line;2022-11-17 18:34:15.125 +0000 UTC;2026-06-22 00:50:01.997 +0000 UTC;;08:00:06:6b:f6:16;54;No;IO Module;1;0;0;;SIEMENS AG;;;;;;;;Yes
32222b08-6941-5330-9883-687a3f12b940;192.168.0.2;;IO Module;Siemens 192.168.0.2;;Folding Production Line;2022-11-17 18:34:15.125 +0000 UTC;2026-06-22 00:50:01.997 +0000 UTC;192.168.0.2;08:00:06:6b:f6:16;54;No;;1;0;0;;SIEMENS AG;;;;;;;;Yes
067216c4-3933-597b-afc0-b3c94a96ed77;10.9.8.7;Siemens 10.9.8.7;Master;Siemens 10.9.8.7;;Station Bus Network;2022-11-30 12:45:27.378 +0000 UTC;2026-06-22 00:50:01.997 +0000 UTC;10.9.8.7;44:86:c1:07:06:05;45;No;Master;1;0;0;;Siemens Low Voltage & Products;;;;;;;;Yes
7f434069-024f-59fc-a813-3a2c43b10493;192.168.3.56;;IO Module;kp8xb1dd2c;;Demo Baseline;2022-12-20 12:49:10.764 +0000 UTC;2026-06-22 00:50:01.997 +0000 UTC;192.168.3.56;28:63:36:44:93:bb;42;No;IO Module;1;0;0;;Siemens AG;;;;;;;;Yes
aeb0b4bd-40a6-59af-850f-3609fb3d8cae;192.168.3.56;;IO Module;Siemens 44:93:bb;;Demo Baseline;2022-12-20 12:49:10.764 +0000 UTC;2026-06-22 00:50:01.997 +0000 UTC;;28:63:36:44:93:bb;42;No;IO Module;1;0;0;;Siemens AG;;;;;;;;Yes
a6c9ab57-6a0c-555f-aa0f-b8d86fa74976;192.168.0.77;;Engineering Station;SENTRYO-SIMATIC;;Engineering Stations;2022-11-17 18:34:15.125 +0000 UTC;2026-06-22 00:50:01.997 +0000 UTC;192.168.0.77;52:54:00:c6:6b:aa;71;No;Engineering Station/Windows;3;10;0;;Virtual Machine;Windows XP;;;;;;;Yes
a5caa3af-49b0-5f15-90e2-e57951fb2053;192.168.1.128;;SCADA Station;Yokogawa 192.168.1.128;;Furnace;2022-11-17 18:34:15.125 +0000 UTC;2026-06-22 00:50:01.997 +0000 UTC;192.168.1.128;00:00:64:8c:ba:90;53;No;;7;0;0;;Yokogawa Digital Computer Corporation;;;;;;;;No
b8714c58-9117-5a0d-89de-ee4ec7fa452c;192.168.0.254;;Web Server;192.168.0.254;;Enterprise Network;2022-11-17 18:34:15.125 +0000 UTC;2026-06-22 00:50:01.997 +0000 UTC;192.168.0.254;00:19:bb:e1:03:ec;32;No;Web Server;1;0;0;;Hewlett Packard;;;;;;;;Yes
027ee0b9-8033-5ba6-8aef-86646c586eb4;IR1101.iot.szreter.online 34:ed:1b:52:95:00;;Routing Capability;IR1101.iot.szreter.online 34:ed:1b:52:95:00;;Edge Intelligence;2022-11-17 18:34:15.125 +0000 UTC;2026-06-22 00:50:01.997 +0000 UTC;192.168.1.9;34:ed:1b:52:95:00;73;No;Admin Server/DNS Server/Host Config Server/HTTP Client/HTTPS Client/Routing Capability/Web Server;6;116;0;;Cisco Systems, Inc;;;;;17.3.3;;;Yes
cbfd323d-83da-524e-9c27-6ab846970aef;IR1101.iot.szreter.online 34:ed:1b:52:95:00;;Routing Capability;192.168.1.9;;Edge Intelligence;2022-11-17 18:34:15.125 +0000 UTC;2026-06-22 00:50:01.997 +0000 UTC;192.168.1.9;00:1e:42:31:9c:1f;73;No;;0;0;0;;;;;;;;;;Yes
183d596c-067d-572c-9459-c50757ccc90e;192.168.1.2;;SCADA Station;Yokogawa 192.168.1.2;;Engineering Stations;2022-11-17 18:34:15.125 +0000 UTC;2026-06-22 00:50:01.997 +0000 UTC;192.168.1.2;00:00:64:8c:c7:c0;73;No;;3;0;0;;Yokogawa Digital Computer Corporation;;;;;;;;No
3e47e9cc-5b7e-5aca-b9ee-142adff76b47;192.168.1.2;;SCADA Station;FCS0101;;Engineering Stations;2022-11-17 18:34:15.125 +0000 UTC;2026-06-22 00:50:01.997 +0000 UTC;192.168.1.3;00:00:64:8c:c7:c4;73;No;;5;32;0;;Yokogawa Digital Computer Corporation;;AFV10D-3;;;;;;No
bf296b24-afc8-53b3-8aca-cdd8cc6478bf;192.168.105.241;;Engineering Station;Dell 192.168.105.241;;Drilling Machine;2022-11-17 18:34:15.125 +0000 UTC;2026-06-22 00:50:01.997 +0000 UTC;192.168.105.241;34:17:eb:d1:c9:97;39;No;Engineering Station/Host Config Server/Read Var/Write Var;7;0;0;;Dell Inc.;;;;;;;;Yes
f0752dd5-a254-5d49-942c-94d6fd04f777;;;;224.0.0.252;;IPv6 Components;2022-11-18 12:49:55.932 +0000 UTC;2026-06-22 00:50:01.997 +0000 UTC;224.0.0.252;01:00:5e:00:00:fc;;No;;7;0;0;;IPv4 Multicast;;;;;;;;No
ad1a080b-79c8-5e5e-9451-fb722ac2a3db;192.168.116.150;;Host Config Client;WIN-2012-R2-1;;Enterprise Network;2022-11-17 18:34:15.125 +0000 UTC;2026-06-22 00:50:01.997 +0000 UTC;192.168.116.150;00:08:83:e7:3a:14;29;No;Host Config Client/Windows;5;0;0;;;Windows 8.1 or Windows Server 2012 R2;;;;;;;Yes
74e4aacb-f9da-54d7-9388-003a17c8683f;192.168.249.40;;Controller;Rockwell 192.168.249.40;;Demo Baseline;2022-12-20 12:47:35.308 +0000 UTC;2026-06-22 00:50:01.997 +0000 UTC;192.168.249.40;f4:54:33:9b:77:76;50;No;Controller;1;0;2;;Rockwell Automation;;;;;;;;Yes
7bd44de3-f0d4-5419-b431-141eb2505078;192.168.1.10;;Web Server;Vmware 192.168.1.10;;To be investigated;2022-11-17 18:34:15.125 +0000 UTC;2026-06-22 00:50:01.997 +0000 UTC;192.168.1.10;00:0c:29:a4:1c:64;35;No;File Transfer Server/HTTP Client/HTTPS Client/Web Server;8;0;0;;VMware, Inc.;;;;;;;;Yes
dc5362c1-b055-5027-b403-2ae1f4872949;192.168.1.10;;Web Server;192.168.1.10;;To be investigated;2022-11-17 18:34:15.125 +0000 UTC;2026-06-22 00:50:01.997 +0000 UTC;192.168.1.10;34:ed:1b:52:95:00;35;No;;1;0;0;;;;;;;;;;Yes
fac4fe7a-f3b6-59f0-bf72-528fc15320f8;;;;STATION;;Building mgmt;2022-11-17 18:34:15.125 +0000 UTC;2026-06-22 00:50:01.997 +0000 UTC;192.168.105.220;00:80:f4:01:3a:fa;;No;;1;0;0;;TELEMECANIQUE ELECTRIQUE;;;STATION;;V5.6;;;No
022f171c-5a37-5bb6-aab8-af786220f176;10.39.203.216;Relay 1;Controller;Relay 1;;Station Bus Network;2022-11-30 12:46:40.784 +0000 UTC;2026-06-22 00:50:01.997 +0000 UTC;10.39.203.216;00:30:a7:7e:b4:43;45;No;Controller/Slave;1;0;180;;SCHWEITZER ENGINEERING;;SEL-451-5 Relay;;400MBR5;R317-V0;0000000000;;Yes
fce732de-e0f4-5f8c-8a43-c61700d66126;;;;255.255.255.255;;Broadcast Components;2022-01-26 16:56:35.289 +0000 UTC;2026-06-22 00:50:01.997 +0000 UTC;255.255.255.255;ff:ff:ff:ff:ff:ff;;No;DeltaV/Host Config Server;32;0;0;;Broadcast;;;;;;;;No
1d749980-314d-5f6a-b462-5d6ffe9e5a92;192.168.249.114;;Engineering Station;Vmware 192.168.249.114;;Demo Baseline;2022-12-20 12:47:35.405 +0000 UTC;2026-06-22 00:50:01.997 +0000 UTC;192.168.249.114;00:0c:29:c7:c8:76;53;No;Engineering Station;3;0;0;;VMware, Inc.;;;;;;;;Yes
fe6c104b-f298-5995-a919-ea1d3da9dae6;;;;10.16.117.255;;Broadcast Components;2022-11-17 18:34:15.125 +0000 UTC;2026-06-22 00:50:01.997 +0000 UTC;10.16.117.255;ff:ff:ff:ff:ff:ff;;No;;1;0;0;;;;;;;;;;No
