Device 1;Component 1 - Name;Component 1 - Custom Name;Component 1 - Group;Component 1 - Group Industrial Impact;Component 1 - IP;Component 1 - MAC;Device 2;Component 2 - Name;Component 2 - Custom Name;Component 2 - Group;Component 2 - Group Industrial Impact;Component 2 - IP;Component 2 - MAC;Creation Time;Last Activity;Tags;Stored flows;Events;Packets;Bytes
10.0.0.3;Beckwith 10.0.0.3;;Process Bus Network;3 - high;10.0.0.3;00:1f:5a:ce:70:51;10.0.0.57;Beckwith 10.0.0.57;Beckwith 10.0.0.57;Station Bus Network;2 - medium;10.0.0.57;00:1f:5a:00:62:0d;2022-10-23 13:10:31.755 +0000 UTC;2026-06-22 00:50:03.32 +0000 UTC;Diagnostics/Exception/Low Volume/Modbus;2;0;40;2426
10.0.0.3;Abb 10.0.0.3;;Process Bus Network;3 - high;10.0.0.3;00:90:4f:ce:70:51;10.0.0.57;Abb 10.0.0.57;;Station Bus Network;2 - medium;10.0.0.57;b8:9b:e4:00:62:0d;2022-10-23 13:10:31.755 +0000 UTC;2026-06-22 00:50:03.32 +0000 UTC;Low Volume;1;0;8;432
10.0.0.3;Beckwith 10.0.0.3;;Process Bus Network;3 - high;10.0.0.3;00:1f:5a:ce:70:51;;3com 10.0.0.9;;Process Bus Network;3 - high;10.0.0.9;00:50:04:93:70:67;2022-10-23 13:10:31.755 +0000 UTC;2026-06-22 00:50:03.32 +0000 UTC;Modbus/Read Var/Write Var;1;0;50;3014
10.0.0.3;Abb 10.0.0.3;;Process Bus Network;3 - high;10.0.0.3;00:90:4f:ce:70:51;;3com 10.0.0.9;;Process Bus Network;3 - high;10.0.0.9;00:50:04:93:70:67;2022-10-23 13:10:31.755 +0000 UTC;2026-06-22 00:50:03.32 +0000 UTC;Modbus/Read Var/Write Var;1;0;50;3014
10.1.2.3;Siemens 10.1.2.3;;Process Bus Network;3 - high;10.1.2.3;44:86:c1:03:04:05;10.9.8.7;Siemens 10.9.8.7;;Station Bus Network;2 - medium;10.9.8.7;44:86:c1:07:06:05;2022-10-23 13:10:31.755 +0000 UTC;2026-06-22 00:50:03.32 +0000 UTC;Authentication/DNP3/Email/Encrypted/HTTPS/Low Volume/Notify Var/Web;6500;0;64738;4674120
10.20.100.108;Zat 10.20.100.108;;IEC104 Traffic;0 - very low;10.20.100.108;00:16:d1:00:09:05;10.20.102.1;Asustek 10.20.102.1;;IEC104 Traffic;0 - very low;10.20.102.1;00:22:15:56:0b:54;2022-10-23 13:10:31.755 +0000 UTC;2026-06-22 00:50:03.32 +0000 UTC;IEC-104;1;12;105;8431
10.39.58.130;Schweitzer 10.39.58.130;;Control Center;2 - medium;10.39.58.130;00:30:a7:ee:68:91;10.39.203.216;Relay 1;;Station Bus Network;2 - medium;10.39.203.216;00:30:a7:7e:b4:43;2022-10-23 13:10:31.755 +0000 UTC;2026-06-22 00:50:03.32 +0000 UTC;DNP3/Exception/Read Var;1;0;28;3904
10.4.0.14;Fisher 10.4.0.14;;Chemical Emerson Process;4 - very high;10.4.0.14;00:22:e5:1f:9a:54;10.4.0.6;Dell 10.4.0.6;;Windows Stations;1 - low;10.4.0.6;84:8f:69:e1:a7:9b;2022-10-23 13:10:31.755 +0000 UTC;2026-06-22 00:50:03.32 +0000 UTC;ARP/Time Management/DeltaV protocol/Ping/Read Var;6;12;16133;2127696
10.4.0.14;Fisher 10.4.0.14;;Chemical Emerson Process;4 - very high;10.4.0.14;00:22:e5:1f:9a:54;;255.255.255.255;;Broadcast Components;0 - very low;255.255.255.255;ff:ff:ff:ff:ff:ff;2022-10-23 13:10:31.755 +0000 UTC;2026-06-22 00:50:03.32 +0000 UTC;ARP/Broadcast;0;12;9;576
10.4.0.22;Fisher 10.4.0.22;;Chemical Emerson Process;4 - very high;10.4.0.22;00:22:e5:1f:90:3a;;255.255.255.255;;Broadcast Components;0 - very low;255.255.255.255;ff:ff:ff:ff:ff:ff;2022-10-23 13:10:31.755 +0000 UTC;2026-06-22 00:50:03.32 +0000 UTC;ARP/Broadcast/DeltaV protocol/Low Volume;2;12;405;24640
10.4.0.22;WIOC-1F903A;;Chemical Emerson Process;4 - very high;10.5.0.22;00:22:e5:1f:90:18;;255.255.255.255;;Broadcast Components;0 - very low;255.255.255.255;ff:ff:ff:ff:ff:ff;2022-10-23 13:10:31.755 +0000 UTC;2026-06-22 00:50:03.32 +0000 UTC;ARP/Broadcast/DeltaV protocol;2;12;1200;72340
10.4.0.30;SISCTLR-210A86;;Chemical Emerson Process;4 - very high;10.4.0.30;00:22:e5:21:0a:86;10.4.0.6;Dell 10.4.0.6;;Windows Stations;1 - low;10.4.0.6;84:8f:69:e1:a7:9b;2022-10-23 13:10:31.755 +0000 UTC;2026-06-22 00:50:03.32 +0000 UTC;ARP/Time Management/DeltaV protocol/Ping/Program Download/Read Var;10;12;77306;8839776
10.4.0.30;SISCTLR-210A86;;Chemical Emerson Process;4 - very high;10.4.0.30;00:22:e5:21:0a:86;;OWS1;;Chemical Emerson Process;4 - very high;232.108.116.118;01:00:5e:6c:74:76;2022-10-23 13:10:31.755 +0000 UTC;2026-06-22 00:50:03.32 +0000 UTC;Multicast;1;12;4;240
10.4.0.30;SISCTLR-210A86;;Chemical Emerson Process;4 - very high;10.4.0.30;00:22:e5:21:0a:86;;255.255.255.255;;Broadcast Components;0 - very low;255.255.255.255;ff:ff:ff:ff:ff:ff;2022-10-23 13:10:31.755 +0000 UTC;2026-06-22 00:50:03.32 +0000 UTC;ARP/Broadcast/DeltaV protocol;1;12;35;2474
10.4.0.46;OWS1;;Windows Stations;1 - low;10.4.0.46;d4:ae:52:aa:dc:93;10.4.0.14;Fisher 10.4.0.14;;Chemical Emerson Process;4 - very high;10.4.0.14;00:22:e5:1f:9a:54;2022-10-23 13:10:31.755 +0000 UTC;2026-06-22 00:50:03.32 +0000 UTC;ARP/DeltaV protocol/Read Var/Write Var;1;12;6641;1361246
10.4.0.46;OWS1;;Windows Stations;1 - low;10.4.0.46;d4:ae:52:aa:dc:93;10.4.0.22;Fisher 10.4.0.22;;Chemical Emerson Process;4 - very high;10.4.0.22;00:22:e5:1f:90:3a;2022-10-23 13:10:31.755 +0000 UTC;2026-06-22 00:50:03.32 +0000 UTC;ARP/DeltaV protocol/Low Volume/Ping;319;12;774;166552
10.4.0.46;OWS1;;Windows Stations;1 - low;10.4.0.46;d4:ae:52:aa:dc:93;10.4.0.22;WIOC-1F903A;;Chemical Emerson Process;4 - very high;10.5.0.22;00:22:e5:1f:90:18;2022-10-23 13:10:31.755 +0000 UTC;2026-06-22 00:50:03.32 +0000 UTC;ARP/DeltaV protocol/Read Var/Write Var;1;12;1985;149565
10.4.0.46;OWS1;;Windows Stations;1 - low;10.4.0.46;d4:ae:52:aa:dc:93;10.4.0.30;SISCTLR-210A86;;Chemical Emerson Process;4 - very high;10.4.0.30;00:22:e5:21:0a:86;2022-10-23 13:10:31.755 +0000 UTC;2026-06-22 00:50:03.32 +0000 UTC;ARP/DeltaV protocol/Read Var/Write Var;1;12;7579;934130
10.4.0.46;OWS1;;Windows Stations;1 - low;10.4.0.46;d4:ae:52:aa:dc:93;10.4.0.6;Dell 10.4.0.6;;Windows Stations;1 - low;10.4.0.6;84:8f:69:e1:a7:9b;2022-10-23 13:10:31.755 +0000 UTC;2026-06-22 00:50:03.32 +0000 UTC;ARP/Time Management/DeltaV protocol/DNS/Netbios/Ping/Program Download/Read Var/SMB;83;12;12292;1232672
10.4.0.46;OWS1;;Windows Stations;1 - low;10.8.0.46;d4:ae:52:aa:dc:93;10.4.0.6;Dell 10.4.0.6;;Windows Stations;1 - low;10.4.0.6;84:8f:69:e1:a7:9b;2022-10-23 13:10:31.755 +0000 UTC;2026-06-22 00:50:03.32 +0000 UTC;Low Volume/Netbios/SMB;1;12;3;838
10.4.0.46;OWS1;;Windows Stations;1 - low;10.4.0.46;d4:ae:52:aa:dc:93;10.5.0.18;CIOC-1F8596;;Chemical Emerson Process;4 - very high;10.5.0.18;00:22:e5:1f:b0:20;2022-10-23 13:10:31.755 +0000 UTC;2026-06-22 00:50:03.32 +0000 UTC;ARP/DeltaV protocol/Ping/Read Var;2;12;1878;141067
10.4.0.46;OWS1;;Windows Stations;1 - low;10.4.0.46;d4:ae:52:aa:dc:93;10.5.0.18;CIOC-1F8596;;Chemical Emerson Process;4 - very high;10.4.0.18;00:22:e5:22:91:ee;2022-10-23 13:10:31.755 +0000 UTC;2026-06-22 00:50:03.32 +0000 UTC;ARP/DeltaV protocol/Low Volume/Ping;364;12;817;183550
10.4.0.46;OWS1;;Windows Stations;1 - low;10.4.0.46;d4:ae:52:aa:dc:93;10.5.0.30;Fisher 10.5.0.30;;Chemical Emerson Process;4 - very high;10.5.0.30;00:22:e5:21:0b:aa;2022-10-23 13:10:31.755 +0000 UTC;2026-06-22 00:50:03.32 +0000 UTC;ARP/DeltaV protocol/Low Volume/Ping;3100;12;6189;1470550
10.4.0.46;OWS1;;Windows Stations;1 - low;10.4.0.46;d4:ae:52:aa:dc:93;;OWS1;;Chemical Emerson Process;4 - very high;232.108.116.118;01:00:5e:6c:74:76;2022-10-23 13:10:31.755 +0000 UTC;2026-06-22 00:50:03.32 +0000 UTC;DeltaV protocol/Multicast;1;12;555;93262
10.4.0.46;OWS1;;Windows Stations;1 - low;10.4.0.46;d4:ae:52:aa:dc:93;;239.255.255.250;;Packet Reply;none;239.255.255.250;01:00:5e:7f:ff:fa;2022-10-23 13:10:31.755 +0000 UTC;2026-06-22 00:50:03.32 +0000 UTC;Multicast;1;12;23;3863
10.4.0.46;OWS1;;Windows Stations;1 - low;10.4.0.46;d4:ae:52:aa:dc:93;;224.0.0.252;;IPv6 Components;0 - very low;224.0.0.252;01:00:5e:00:00:fc;2022-10-23 13:10:31.755 +0000 UTC;2026-06-22 00:50:03.32 +0000 UTC;Low Volume/Multicast/Netbios;17;12;31;2047
10.4.0.46;OWS1;;Windows Stations;1 - low;10.4.0.46;d4:ae:52:aa:dc:93;;255.255.255.255;;Broadcast Components;0 - very low;255.255.255.255;ff:ff:ff:ff:ff:ff;2022-10-23 13:10:31.755 +0000 UTC;2026-06-22 00:50:03.32 +0000 UTC;ARP/Broadcast;2;12;1384;84762
10.4.0.46;OWS1;;Windows Stations;1 - low;10.4.0.46;d4:ae:52:aa:dc:93;;OWS1;;Broadcast Components;0 - very low;10.5.255.255;ff:ff:ff:ff:ff:ff;2022-10-23 13:10:31.755 +0000 UTC;2026-06-22 00:50:03.32 +0000 UTC;Broadcast/Netbios/SMB;3;12;256;27161
10.4.0.6;Dell 10.4.0.6;;Windows Stations;1 - low;10.4.0.6;84:8f:69:e1:a7:9b;10.4.0.22;WIOC-1F903A;;Chemical Emerson Process;4 - very high;10.5.0.22;00:22:e5:1f:90:18;2022-10-23 13:10:31.755 +0000 UTC;2026-06-22 00:50:03.32 +0000 UTC;ARP/DeltaV protocol/Ping/Program Download/Read Var;7;12;19637;2353120
10.4.0.6;Dell 10.4.0.6;;Windows Stations;1 - low;10.4.0.6;84:8f:69:e1:a7:9b;10.4.0.22;Fisher 10.4.0.22;;Chemical Emerson Process;4 - very high;10.4.0.22;00:22:e5:1f:90:3a;2022-10-23 13:10:31.755 +0000 UTC;2026-06-22 00:50:03.32 +0000 UTC;ARP/DeltaV protocol/Low Volume/Ping/Program Download;214;12;1013;408723
10.4.0.6;Dell 10.4.0.6;;Windows Stations;1 - low;10.4.0.6;84:8f:69:e1:a7:9b;;OWS1;;Chemical Emerson Process;4 - very high;232.108.116.118;01:00:5e:6c:74:76;2022-10-23 13:10:31.755 +0000 UTC;2026-06-22 00:50:03.32 +0000 UTC;DeltaV protocol/Multicast;1;12;708;127064
10.4.0.6;Dell 10.4.0.6;;Windows Stations;1 - low;10.4.0.6;84:8f:69:e1:a7:9b;;239.255.255.250;;Packet Reply;none;239.255.255.250;01:00:5e:7f:ff:fa;2022-10-23 13:10:31.755 +0000 UTC;2026-06-22 00:50:03.32 +0000 UTC;Low Volume/Multicast;35;12;111;96360
10.4.0.6;Dell 10.4.0.6;;Windows Stations;1 - low;10.4.0.6;84:8f:69:e1:a7:9b;;224.0.0.252;;IPv6 Components;0 - very low;224.0.0.252;01:00:5e:00:00:fc;2022-10-23 13:10:31.755 +0000 UTC;2026-06-22 00:50:03.32 +0000 UTC;Low Volume/Multicast/Netbios;7;12;14;928
10.4.0.6;Dell 10.4.0.6;;Windows Stations;1 - low;10.4.0.6;84:8f:69:e1:a7:9b;;255.255.255.255;;Broadcast Components;0 - very low;255.255.255.255;ff:ff:ff:ff:ff:ff;2022-10-23 13:10:31.755 +0000 UTC;2026-06-22 00:50:03.32 +0000 UTC;ARP/Broadcast/Controller Info/DeltaV protocol;2;12;1806;109678
10.4.129.1;Fisher 10.4.129.1;;Chemical Emerson Process;4 - very high;10.4.129.1;00:22:e5:12:4c:90;10.4.0.6;Dell 10.4.0.6;;Windows Stations;1 - low;10.4.0.6;84:8f:69:e1:a7:9b;2022-10-23 13:10:31.755 +0000 UTC;2026-06-22 00:50:03.32 +0000 UTC;ARP/Net Management;4;12;8041;1867056
10.4.129.1;Fisher 12:4c:90;;Chemical Emerson Process;4 - very high;;00:22:e5:12:4c:90;;255.255.255.255;;Broadcast Components;0 - very low;255.255.255.255;ff:ff:ff:ff:ff:ff;2022-10-23 13:10:31.755 +0000 UTC;2026-06-22 00:50:03.32 +0000 UTC;ARP/Broadcast;0;12;3;180
10.4.129.1;Fisher 10.4.129.1;;Chemical Emerson Process;4 - very high;10.4.129.1;00:22:e5:12:4c:90;;255.255.255.255;;Broadcast Components;0 - very low;255.255.255.255;ff:ff:ff:ff:ff:ff;2022-10-23 13:10:31.755 +0000 UTC;2026-06-22 00:50:03.32 +0000 UTC;ARP/Broadcast;0;12;61;3660
10.4.129.2;Fisher 10.4.129.2;;Chemical Emerson Process;4 - very high;10.4.129.2;00:22:e5:04:45:44;10.4.0.6;Dell 10.4.0.6;;Windows Stations;1 - low;10.4.0.6;84:8f:69:e1:a7:9b;2022-10-23 13:10:31.755 +0000 UTC;2026-06-22 00:50:03.32 +0000 UTC;ARP/Net Management;4;12;3674;787051
10.4.129.2;Fisher 10.4.129.2;;Chemical Emerson Process;4 - very high;10.4.129.2;00:22:e5:04:45:44;;255.255.255.255;;Broadcast Components;0 - very low;255.255.255.255;ff:ff:ff:ff:ff:ff;2022-10-23 13:10:31.755 +0000 UTC;2026-06-22 00:50:03.32 +0000 UTC;ARP/Broadcast;0;12;2;120
10.5.0.14;CTLR-1F9A54;;Chemical Emerson Process;4 - very high;10.5.0.14;00:22:e5:1f:9a:9a;10.4.0.22;Fisher 10.4.0.22;;Chemical Emerson Process;4 - very high;10.4.0.22;00:22:e5:1f:90:3a;2022-10-23 13:10:31.755 +0000 UTC;2026-06-22 00:50:03.32 +0000 UTC;DeltaV protocol/Low Volume;1;12;2;124
10.5.0.14;CTLR-1F9A54;;Chemical Emerson Process;4 - very high;10.5.0.14;00:22:e5:1f:9a:9a;10.4.0.22;WIOC-1F903A;;Chemical Emerson Process;4 - very high;10.5.0.22;00:22:e5:1f:90:18;2022-10-23 13:10:31.755 +0000 UTC;2026-06-22 00:50:03.32 +0000 UTC;DeltaV protocol;1;12;13;1860
10.5.0.14;CTLR-1F9A54;;Chemical Emerson Process;4 - very high;10.5.0.14;00:22:e5:1f:9a:9a;10.4.0.6;Dell 10.4.0.6;;Windows Stations;1 - low;10.4.0.6;84:8f:69:e1:a7:9b;2022-10-23 13:10:31.755 +0000 UTC;2026-06-22 00:50:03.32 +0000 UTC;ARP/Time Management/DeltaV protocol/Low Volume/Ping/Program Download;9;12;1769;643600
10.5.0.14;CTLR-1F9A54;;Chemical Emerson Process;4 - very high;10.5.0.14;00:22:e5:1f:9a:9a;10.5.0.18;CIOC-1F8596;;Chemical Emerson Process;4 - very high;10.5.0.18;00:22:e5:1f:b0:20;2022-10-23 13:10:31.755 +0000 UTC;2026-06-22 00:50:03.32 +0000 UTC;DeltaV protocol;1;12;15;930
10.5.0.14;CTLR-1F9A54;;Chemical Emerson Process;4 - very high;10.5.0.14;00:22:e5:1f:9a:9a;10.5.0.18;CIOC-1F8596;;Chemical Emerson Process;4 - very high;10.4.0.18;00:22:e5:22:91:ee;2022-10-23 13:10:31.755 +0000 UTC;2026-06-22 00:50:03.32 +0000 UTC;DeltaV protocol/Low Volume;1;12;2;126
10.5.0.14;CTLR-1F9A54;;Chemical Emerson Process;4 - very high;10.5.0.14;00:22:e5:1f:9a:9a;;255.255.255.255;;Broadcast Components;0 - very low;255.255.255.255;ff:ff:ff:ff:ff:ff;2022-10-23 13:10:31.755 +0000 UTC;2026-06-22 00:50:03.32 +0000 UTC;ARP/Broadcast/DeltaV protocol/Low Volume;2;12;29;2116
10.5.0.18;CIOC-1F8596;;Chemical Emerson Process;4 - very high;10.5.0.18;00:22:e5:1f:b0:20;10.4.0.6;Dell 10.4.0.6;;Windows Stations;1 - low;10.4.0.6;84:8f:69:e1:a7:9b;2022-10-23 13:10:31.755 +0000 UTC;2026-06-22 00:50:03.32 +0000 UTC;ARP/DeltaV protocol/Ping/Program Download/Read Var;9;12;60794;6674887
10.5.0.18;CIOC-1F8596;;Chemical Emerson Process;4 - very high;10.4.0.18;00:22:e5:22:91:ee;10.4.0.6;Dell 10.4.0.6;;Windows Stations;1 - low;10.4.0.6;84:8f:69:e1:a7:9b;2022-10-23 13:10:31.755 +0000 UTC;2026-06-22 00:50:03.32 +0000 UTC;ARP/DeltaV protocol/Ping/Program Download;239;12;1061;410891
10.5.0.18;CIOC-1F8596;;Chemical Emerson Process;4 - very high;10.4.0.18;00:22:e5:22:91:ee;;255.255.255.255;;Broadcast Components;0 - very low;255.255.255.255;ff:ff:ff:ff:ff:ff;2022-10-23 13:10:31.755 +0000 UTC;2026-06-22 00:50:03.32 +0000 UTC;ARP/Broadcast/DeltaV protocol;2;12;93;5937
10.5.0.18;CIOC-1F8596;;Chemical Emerson Process;4 - very high;10.5.0.18;00:22:e5:1f:b0:20;;255.255.255.255;;Broadcast Components;0 - very low;255.255.255.255;ff:ff:ff:ff:ff:ff;2022-10-23 13:10:31.755 +0000 UTC;2026-06-22 00:50:03.32 +0000 UTC;ARP/Broadcast/DeltaV protocol;1;12;145;9040
10.5.0.30;Fisher 10.5.0.30;;Chemical Emerson Process;4 - very high;10.5.0.30;00:22:e5:21:0b:aa;10.4.0.6;Dell 10.4.0.6;;Windows Stations;1 - low;10.4.0.6;84:8f:69:e1:a7:9b;2022-10-23 13:10:31.755 +0000 UTC;2026-06-22 00:50:03.32 +0000 UTC;ARP/Time Management/DeltaV protocol/Ping;2968;12;6408;1728820
10.5.0.30;Fisher 10.5.0.30;;Chemical Emerson Process;4 - very high;10.5.0.30;00:22:e5:21:0b:aa;;255.255.255.255;;Broadcast Components;0 - very low;255.255.255.255;ff:ff:ff:ff:ff:ff;2022-10-23 13:10:31.755 +0000 UTC;2026-06-22 00:50:03.32 +0000 UTC;ARP/Broadcast/DeltaV protocol;2;12;37;2611
10.5.0.30;Fisher 10.5.0.30;;Chemical Emerson Process;4 - very high;10.5.0.30;00:22:e5:21:0b:aa;;OWS1;;Chemical Emerson Process;4 - very high;232.108.116.118;01:00:5e:6c:74:76;2022-10-23 13:10:31.755 +0000 UTC;2026-06-22 00:50:03.32 +0000 UTC;Multicast;1;12;2;120
169.254.92.57;PACKET-REPLY;;Packet Reply;none;169.254.92.57;00:0c:29:ec:a6:68;;239.255.255.250;;Packet Reply;none;239.255.255.250;01:00:5e:7f:ff:fa;2022-10-23 13:10:31.755 +0000 UTC;2026-06-22 00:50:03.32 +0000 UTC;Low Volume/Multicast;42;0;147;109590
169.254.92.57;packet-reply;;Packet Reply;none;;00:0c:29:ec:a6:68;;255.255.255.255;;Broadcast Components;0 - very low;255.255.255.255;ff:ff:ff:ff:ff:ff;2022-10-23 13:10:31.755 +0000 UTC;2026-06-22 00:50:03.32 +0000 UTC;Broadcast/Host Config;1;0;29784;10186128
169.254.92.57;packet-reply;;Packet Reply;none;;00:0c:29:b6:71:54;;255.255.255.255;;Broadcast Components;0 - very low;255.255.255.255;ff:ff:ff:ff:ff:ff;2022-10-23 13:10:31.755 +0000 UTC;2026-06-22 00:50:03.32 +0000 UTC;Broadcast/Host Config;1;0;8834;2985892
169.254.92.57;PACKET-REPLY;;Packet Reply;none;169.254.92.57;00:0c:29:ec:a6:68;;224.0.0.252;;IPv6 Components;0 - very low;224.0.0.252;01:00:5e:00:00:fc;2022-10-23 13:10:31.755 +0000 UTC;2026-06-22 00:50:03.32 +0000 UTC;Low Volume/Multicast;61;0;178;11620
1734-AENTR/B Ethernet Adapter;Rockwell 192.168.1.141;;Rockwell;3 - high;192.168.1.141;e4:90:69:a0:27:27;1769-L36ERM/A LOGIX5336ERM;1769-L36ERM/A LOGIX5336ERM;;Rockwell;3 - high;192.168.1.106;00:00:bc:d1:b2:a5;2022-10-23 13:10:31.755 +0000 UTC;2026-06-22 00:50:03.32 +0000 UTC;EthernetIP/Low Volume;0;0;0;0
1734-AENTR/B Ethernet Adapter;Rockwell 192.168.1.141;;Rockwell;3 - high;192.168.1.141;e4:90:69:a0:27:27;1769-L36ERM/A LOGIX5336ERM;Rockwell 192.168.1.106;;Rockwell;3 - high;192.168.1.106;00:00:bc:d1:b2:a5;2022-10-23 13:10:31.755 +0000 UTC;2026-06-22 00:50:03.32 +0000 UTC;ARP/CIP-IO/EthernetIP/Low Volume/Unestablished;22;0;21532773;1658033220
1734-AENTR/B Ethernet Adapter;Rockwell 192.168.1.141;;Rockwell;3 - high;192.168.1.141;e4:90:69:a0:27:27;1769-L36ERM/A LOGIX5336ERM;Rockwell 192.168.1.106;;Rockwell;3 - high;192.168.1.106;00:00:bc:d1:b2:a5;2022-10-23 13:10:31.755 +0000 UTC;2026-06-22 00:50:03.32 +0000 UTC;EthernetIP;17;0;514;49056
1734-AENTR/B Ethernet Adapter;Rockwell 192.168.1.141;;Rockwell;3 - high;192.168.1.141;e4:90:69:a0:27:27;1769-L36ERM/A LOGIX5336ERM;1769-L36ERM/A LOGIX5336ERM;;Rockwell;3 - high;192.168.1.106;00:00:bc:d1:b2:a5;2022-10-23 13:10:31.755 +0000 UTC;2026-06-22 00:50:03.32 +0000 UTC;EthernetIP/Low Volume;2;0;462;44532
1734-AENTR/B Ethernet Adapter;1734-AENTR/B Ethernet Adapter;;Rockwell;3 - high;192.168.1.141;e4:90:69:a0:27:27;1769-L36ERM/A LOGIX5336ERM;1769-L36ERM/A LOGIX5336ERM;;Rockwell;3 - high;192.168.1.106;00:00:bc:d1:b2:a5;2022-10-23 13:10:31.755 +0000 UTC;2026-06-22 00:50:03.32 +0000 UTC;ARP/CIP-IO/EthernetIP/Low Volume;8;0;47273662;3640075494
1734-AENTR/B Ethernet Adapter;Rockwell 192.168.1.141;;Rockwell;3 - high;192.168.1.141;e4:90:69:a0:27:27;1769-L36ERM/A LOGIX5336ERM;Rockwell 192.168.1.106;;Rockwell;3 - high;192.168.1.106;00:00:bc:d1:b2:a5;2022-10-23 13:10:31.755 +0000 UTC;2026-06-22 00:50:03.32 +0000 UTC;EthernetIP;0;0;38;4062
1734-AENTR/B Ethernet Adapter;1734-AENTR/B Ethernet Adapter;;Demo Baseline;2 - medium;192.168.249.51;f4:54:33:a4:28:13;192.168.249.114;Vmware 192.168.249.114;;Demo Baseline;2 - medium;192.168.249.114;00:0c:29:c7:c8:76;2022-10-23 13:10:31.755 +0000 UTC;2026-06-22 00:50:03.32 +0000 UTC;EthernetIP/Low Volume;4;0;266;30303
1734-AENTR/B Ethernet Adapter;Rockwell 192.168.249.51;;Demo Baseline;2 - medium;192.168.249.51;f4:54:33:a4:28:13;192.168.249.114;Vmware 192.168.249.114;;Demo Baseline;2 - medium;192.168.249.114;00:0c:29:c7:c8:76;2022-10-23 13:10:31.755 +0000 UTC;2026-06-22 00:50:03.32 +0000 UTC;EthernetIP;1;0;194;20583
1734-AENTR/B Ethernet Adapter;Rockwell 192.168.249.51;;Demo Baseline;2 - medium;192.168.249.51;f4:54:33:a4:28:13;192.168.249.114;Vmware 192.168.249.114;;Demo Baseline;2 - medium;192.168.249.114;00:0c:29:c7:c8:76;2022-10-23 13:10:31.755 +0000 UTC;2026-06-22 00:50:03.32 +0000 UTC;EthernetIP;1;0;194;20583
1734-AENTR/B Ethernet Adapter;1734-AENTR/B Ethernet Adapter;;Demo Baseline;2 - medium;192.168.249.51;f4:54:33:a4:28:13;SecDemo_LinePLC | 1769-L16ER/B LOGIX5316ER;1769-L16ER/B LOGIX5316ER;;Demo Baseline;2 - medium;192.168.249.50;f4:54:33:91:cb:ee;2022-10-23 13:10:31.755 +0000 UTC;2026-06-22 00:50:03.32 +0000 UTC;CIP-IO/EthernetIP;3;0;12108;931470
1769-L36ERM/A LOGIX5336ERM;Rockwell 192.168.1.106;;Rockwell;3 - high;192.168.1.106;00:00:bc:d1:b2:a5;192.168.1.10;Vmware 192.168.1.10;;To be investigated;none;192.168.1.10;00:0c:29:a4:1c:64;2022-10-23 13:10:31.755 +0000 UTC;2026-06-22 00:50:03.32 +0000 UTC;ARP/Authentication/Citect Alarm/Citect IO/Citect Report/Citect Trend/Time Management/CPHA/Database/DNS/Echo Protocol/Email/Encrypted/EthernetIP/Fieldbus HSE/FTP/High availability/Host Config/HTTP/HTTPS/IEC-104/Insecure/Log/LonWorks/Lotus notes protocol/Low Volume/MS-SQL/Netbios/Net Management/Net Routing/OPC UA/OPC UA Discovery/PCVue protocol/Phoenix contact protocol/PI Osisoft protocol/Port Scan Activity/Printer Management/Proxy/Remote access/Emerson ROC Plus/Procedure Call/SMB/Streaming/IT File Sync/Telnet/Unestablished/Web;29971;21;60025;3841198
192.168.0.10;Siemens 192.168.0.10;;Folding Production Line;3 - high;192.168.0.10;00:0e:8c:83:8b:ae;;255.255.255.255;;Broadcast Components;0 - very low;255.255.255.255;ff:ff:ff:ff:ff:ff;2022-10-23 13:10:31.755 +0000 UTC;2026-06-22 00:50:03.32 +0000 UTC;ARP/Broadcast;0;12;4;240
192.168.0.12;Intel 192.168.0.12;;Enterprise Network;1 - low;192.168.0.12;64:80:99:d8:5d:4c;192.168.0.254;192.168.0.254;;Enterprise Network;1 - low;192.168.0.254;00:19:bb:e1:03:ec;2022-10-23 13:10:31.755 +0000 UTC;2026-06-22 00:50:03.32 +0000 UTC;HTTP/Insecure/Web;2;1;26;3849
192.168.0.133;192.168.0.133;;Packing Machine;0 - very low;192.168.0.133;52:54:00:31:fd:ef;192.168.0.154;192.168.0.154;;Packing Machine;0 - very low;192.168.0.154;00:07:5f:ac:97:66;2025-10-15 10:04:47.105 +0000 UTC;2026-06-22 00:50:03.32 +0000 UTC;Bosch RCP PLUS/Encrypted/HTTPS/Simple Service Discovery Protocol/SSL/TLS/Web;4;0;19;7703
192.168.0.133;192.168.0.133;;Packing Machine;0 - very low;192.168.0.133;52:54:00:31:fd:ef;;STATION-WINCC;;Broadcast Components;0 - very low;192.168.0.255;ff:ff:ff:ff:ff:ff;2022-10-23 13:10:31.755 +0000 UTC;2026-06-22 00:50:03.32 +0000 UTC;Broadcast/Low Volume/Netbios/SMB;2;12;15;1752
192.168.0.133;192.168.0.133;;Packing Machine;0 - very low;192.168.0.133;52:54:00:31:fd:ef;;255.255.255.255;;Broadcast Components;0 - very low;255.255.255.255;ff:ff:ff:ff:ff:ff;2022-10-23 13:10:31.755 +0000 UTC;2026-06-22 00:50:03.32 +0000 UTC;ARP/Broadcast/Low Volume;1;12;4;246
192.168.0.155;192.168.0.155;;Folding Production Line;3 - high;192.168.0.155;52:54:00:c6:6b:fc;;255.255.255.255;;Broadcast Components;0 - very low;255.255.255.255;ff:ff:ff:ff:ff:ff;2022-10-23 13:10:31.755 +0000 UTC;2026-06-22 00:50:03.32 +0000 UTC;ARP/Broadcast;0;12;1;60
192.168.0.18;Schweitzer 192.168.0.18;;Station Bus Network;2 - medium;192.168.0.18;00:30:a7:00:2b:c2;192.168.0.22;Schweitzer 192.168.0.22;;Control Center;2 - medium;192.168.0.22;00:30:a7:3f:30:5f;2022-10-23 13:10:31.755 +0000 UTC;2026-06-22 00:50:03.32 +0000 UTC;IEEE C37.118/Controller Info/Controller Name/Notify Var/Operational change;1;0;852;152936
192.168.0.253;192.168.0.253;;Enterprise Network;1 - low;192.168.0.253;00:19:bb:e1:03:ec;192.168.0.12;Intel 192.168.0.12;;Enterprise Network;1 - low;192.168.0.12;64:80:99:d8:5d:4c;2022-10-23 13:10:31.755 +0000 UTC;2026-06-22 00:50:03.32 +0000 UTC;DNS;46;1;92;11265
192.168.0.77;SENTRYO-SIMATIC;;Engineering Stations;2 - medium;192.168.0.77;52:54:00:c6:6b:aa;;255.255.255.255;;Broadcast Components;0 - very low;255.255.255.255;ff:ff:ff:ff:ff:ff;2022-10-23 13:10:31.755 +0000 UTC;2026-06-22 00:50:03.32 +0000 UTC;ARP/Broadcast;0;12;1;60
192.168.1.11;kp8xb1dd2c;;Siemens;3 - high;192.168.1.11;ac:64:17:1c:6a:c4;IR1101.iot.szreter.online 34:ed:1b:52:95:00;IR1101.iot.szreter.online 34:ed:1b:52:95:00;;Edge Intelligence;1 - low;192.168.1.9;34:ed:1b:52:95:00;2022-10-23 13:10:31.755 +0000 UTC;2026-06-22 00:50:03.32 +0000 UTC;ARP;1;0;5;140
192.168.1.124;Yokogawa 192.168.1.124;;Furnace 2;2 - medium;192.168.1.124;00:00:64:8c:6a:2c;192.168.1.128;Yokogawa 192.168.1.128;;Furnace;2 - medium;192.168.1.128;00:00:64:8c:ba:90;2022-10-23 13:10:31.755 +0000 UTC;2026-06-22 00:50:03.32 +0000 UTC;ARP/Low Volume/VNET/IP;1;12;3;232
192.168.1.124;Yokogawa 192.168.1.124;;Furnace 2;2 - medium;192.168.1.124;00:00:64:8c:6a:2c;192.168.1.2;FCS0101;;Engineering Stations;2 - medium;192.168.1.3;00:00:64:8c:c7:c4;2022-10-23 13:10:31.755 +0000 UTC;2026-06-22 00:50:03.32 +0000 UTC;ARP/Low Volume/VNET/IP;1;12;3;232
192.168.1.124;Yokogawa 192.168.1.124;;Furnace 2;2 - medium;192.168.1.124;00:00:64:8c:6a:2c;192.168.1.2;Yokogawa 192.168.1.2;;Engineering Stations;2 - medium;192.168.1.2;00:00:64:8c:c7:c0;2022-10-23 13:10:31.755 +0000 UTC;2026-06-22 00:50:03.32 +0000 UTC;ARP/Low Volume/VNET/IP;2;12;6;490
192.168.1.124;Yokogawa 192.168.1.124;;Furnace 2;2 - medium;192.168.1.124;00:00:64:8c:6a:2c;;255.255.255.255;;Broadcast Components;0 - very low;255.255.255.255;ff:ff:ff:ff:ff:ff;2022-10-23 13:10:31.755 +0000 UTC;2026-06-22 00:50:03.32 +0000 UTC;ARP/Broadcast;0;12;563;33780
192.168.1.126;Yokogawa 192.168.1.126;;Furnace;2 - medium;192.168.1.126;00:00:64:8c:bb:08;192.168.1.124;Yokogawa 192.168.1.124;;Furnace 2;2 - medium;192.168.1.124;00:00:64:8c:6a:2c;2022-10-23 13:10:31.755 +0000 UTC;2026-06-22 00:50:03.32 +0000 UTC;ARP/Low Volume/VNET/IP;1;12;3;232
192.168.1.126;Yokogawa 192.168.1.126;;Furnace;2 - medium;192.168.1.126;00:00:64:8c:bb:08;192.168.1.128;Yokogawa 192.168.1.128;;Furnace;2 - medium;192.168.1.128;00:00:64:8c:ba:90;2022-10-23 13:10:31.755 +0000 UTC;2026-06-22 00:50:03.32 +0000 UTC;Sync DB/VNET/IP/Yokogawa;2;12;80;11504
192.168.1.126;Yokogawa 192.168.1.126;;Furnace;2 - medium;192.168.1.126;00:00:64:8c:bb:08;192.168.1.2;FCS0101;;Engineering Stations;2 - medium;192.168.1.3;00:00:64:8c:c7:c4;2022-10-23 13:10:31.755 +0000 UTC;2026-06-22 00:50:03.32 +0000 UTC;Controller Info/Low Volume/VNET/IP/Yokogawa;2;12;2;212
192.168.1.126;Yokogawa 192.168.1.126;;Furnace;2 - medium;192.168.1.126;00:00:64:8c:bb:08;192.168.1.5;SCS0102;;Furnace;2 - medium;192.168.1.5;00:00:64:8c:86:34;2022-10-23 13:10:31.755 +0000 UTC;2026-06-22 00:50:03.32 +0000 UTC;Controller Info/Low Volume/VNET/IP/Yokogawa;3;12;11;2082
192.168.1.126;Yokogawa 192.168.1.126;;Furnace;2 - medium;192.168.1.126;00:00:64:8c:bb:08;;239.192.24.0;;Furnace 2;2 - medium;239.192.24.0;01:00:5e:40:18:00;2022-10-23 13:10:31.755 +0000 UTC;2026-06-22 00:50:03.32 +0000 UTC;Low Volume/Multicast/VNET/IP;3;12;480;119248
192.168.1.126;Yokogawa 192.168.1.126;;Furnace;2 - medium;192.168.1.126;00:00:64:8c:bb:08;;255.255.255.255;;Broadcast Components;0 - very low;255.255.255.255;ff:ff:ff:ff:ff:ff;2022-10-23 13:10:31.755 +0000 UTC;2026-06-22 00:50:03.32 +0000 UTC;ARP/Broadcast;0;12;2;120
192.168.1.126;Yokogawa 192.168.1.126;;Furnace;2 - medium;192.168.1.126;00:00:64:8c:bb:08;;239.192.24.4;;Furnace 2;2 - medium;239.192.24.4;01:00:5e:40:18:04;2022-10-23 13:10:31.755 +0000 UTC;2026-06-22 00:50:03.32 +0000 UTC;Low Volume/Multicast/VNET/IP;2;12;7;938
192.168.1.128;Yokogawa 192.168.1.128;;Furnace;2 - medium;192.168.1.128;00:00:64:8c:ba:90;192.168.1.2;FCS0101;;Engineering Stations;2 - medium;192.168.1.3;00:00:64:8c:c7:c4;2022-10-23 13:10:31.755 +0000 UTC;2026-06-22 00:50:03.32 +0000 UTC;Controller Info/Low Volume/VNET/IP/Yokogawa;3;12;3;382
192.168.1.128;Yokogawa 192.168.1.128;;Furnace;2 - medium;192.168.1.128;00:00:64:8c:ba:90;;255.255.255.255;;Broadcast Components;0 - very low;255.255.255.255;ff:ff:ff:ff:ff:ff;2022-10-23 13:10:31.755 +0000 UTC;2026-06-22 00:50:03.32 +0000 UTC;ARP/Broadcast;0;12;2;120
192.168.1.17;Wago 192.168.1.17;WAGO PLC;Secondary substation;2 - medium;192.168.1.17;00:30:de:42:86:f1;192.168.1.10;Vmware 192.168.1.10;;To be investigated;none;192.168.1.10;00:0c:29:a4:1c:64;2022-10-23 13:10:31.755 +0000 UTC;2026-06-22 00:50:03.32 +0000 UTC;ARP/Low Volume/Remote access/SSH;1;1;9;974
192.168.1.17;Wago 192.168.1.17;WAGO PLC;Secondary substation;2 - medium;192.168.1.17;00:30:de:42:86:f1;192.168.1.230;WIN10;;Management Stations;none;192.168.1.230;00:0c:29:4d:14:df;2022-10-23 13:10:31.755 +0000 UTC;2026-06-22 00:50:03.32 +0000 UTC;ARP/Exception/ICMP/Low Volume/Modbus/OPC UA/Ping/Read Var;1;2;3661464;590796192
192.168.1.17;Wago 192.168.1.17;;Secondary substation;2 - medium;192.168.1.17;00:30:de:42:86:f1;192.168.1.230;WIN10;;Management Stations;none;192.168.1.230;00:0c:29:4d:14:df;2022-10-23 13:10:31.755 +0000 UTC;2026-06-22 00:50:03.32 +0000 UTC;Low Volume;4;0;33;6024
192.168.1.17;Wago 192.168.1.17;WAGO PLC;Secondary substation;2 - medium;192.168.1.17;00:30:de:42:86:f1;192.168.1.50;Cisco 192.168.1.50;;Secondary substation;2 - medium;192.168.1.50;70:7d:b9:41:3e:bf;2022-10-23 13:10:31.755 +0000 UTC;2026-06-22 00:50:03.32 +0000 UTC;Low Volume/Modbus/Read Var;2;0;18;1380
192.168.1.17;Wago 192.168.1.17;WAGO PLC;Secondary substation;2 - medium;192.168.1.17;00:30:de:42:86:f1;IR1101.iot.szreter.online 34:ed:1b:52:95:00;IR1101.iot.szreter.online 34:ed:1b:52:95:00;;Edge Intelligence;1 - low;192.168.1.9;34:ed:1b:52:95:00;2022-10-23 13:10:31.755 +0000 UTC;2026-06-22 00:50:03.32 +0000 UTC;ARP/Exception/Modbus/Ping/Read Var;1;7;314355;21949665
192.168.1.17;Wago 192.168.1.17;WAGO PLC;Secondary substation;2 - medium;192.168.1.17;00:30:de:42:86:f1;IR1101_FCW2424P00Q.local 34:ed:1b:52:95:00;192.168.1.67;;Secondary substation;2 - medium;192.168.1.67;34:ed:1b:52:95:00;2022-10-23 13:10:31.755 +0000 UTC;2026-06-22 00:50:03.32 +0000 UTC;ARP/HTTP/Insecure/Web;0;1;3569;1643458
192.168.1.17;Wago 192.168.1.17;;Secondary substation;2 - medium;192.168.1.17;00:30:de:42:86:f1;IR1101_FCW2424P00Q.local 34:ed:1b:52:95:00;Cisco 192.168.1.67;;Secondary substation;2 - medium;192.168.1.67;34:ed:1b:52:95:00;2022-10-23 13:10:31.755 +0000 UTC;2026-06-22 00:50:03.32 +0000 UTC;ARP/Exception/Low Volume/Modbus/Read Var/Unestablished;13;0;14754;1010811
192.168.1.18;192.168.1.18;IOT_eTANGO;Secondary substation;2 - medium;192.168.1.18;56:01:b0:a3:01:12;192.168.1.10;Vmware 192.168.1.10;;To be investigated;none;192.168.1.10;00:0c:29:a4:1c:64;2022-10-23 13:10:31.755 +0000 UTC;2026-06-22 00:50:03.32 +0000 UTC;ARP/Low Volume/Remote access/Unestablished;2;1;5;324
192.168.1.2;FCS0101;;Engineering Stations;2 - medium;192.168.1.3;00:00:64:8c:c7:c4;;255.255.255.255;;Broadcast Components;0 - very low;255.255.255.255;ff:ff:ff:ff:ff:ff;2022-10-23 13:10:31.755 +0000 UTC;2026-06-22 00:50:03.32 +0000 UTC;ARP/Broadcast;0;12;2;120
192.168.1.2;Yokogawa 192.168.1.2;;Engineering Stations;2 - medium;192.168.1.2;00:00:64:8c:c7:c0;;255.255.255.255;;Broadcast Components;0 - very low;255.255.255.255;ff:ff:ff:ff:ff:ff;2022-10-23 13:10:31.755 +0000 UTC;2026-06-22 00:50:03.32 +0000 UTC;ARP/Broadcast;0;12;2;120
192.168.1.210;DESKTOP-OBULPSD;;Management Stations;none;192.168.1.210;00:0c:29:2b:f4:7b;192.168.1.18;192.168.1.18;IOT_eTANGO;Secondary substation;2 - medium;192.168.1.18;56:01:b0:a3:01:12;2022-10-23 13:10:31.755 +0000 UTC;2026-06-22 00:50:03.32 +0000 UTC;Low Volume/Modbus/Read Var;1;0;3;192
192.168.1.210;DESKTOP-OBULPSD;;Management Stations;none;192.168.1.210;00:0c:29:2b:f4:7b;192.168.1.230;WIN10;;Management Stations;none;192.168.1.230;00:0c:29:4d:14:df;2022-10-23 13:10:31.755 +0000 UTC;2026-06-22 00:50:03.32 +0000 UTC;ARP;2;0;128;32089
192.168.1.210;DESKTOP-OBULPSD;;Management Stations;none;192.168.1.210;00:0c:29:2b:f4:7b;IR1101_FCW2424P00Q.local 34:ed:1b:52:95:00;Cisco 192.168.1.67;;Secondary substation;2 - medium;192.168.1.67;34:ed:1b:52:95:00;2022-10-23 13:10:31.755 +0000 UTC;2026-06-22 00:50:03.32 +0000 UTC;ARP/DNP3/Exception/ICMP/Low Volume/Ping/Read Var/Unestablished;92;0;320018;65512478
192.168.1.22;Lcfc 192.168.1.22;;Station Bus Network;2 - medium;192.168.1.22;8c:16:45:32:9c:e1;;Abb 192.168.1.100;;Control Center;2 - medium;192.168.1.100;b8:9b:e4:04:ba:bd;2022-10-23 13:10:31.755 +0000 UTC;2026-06-22 00:50:03.32 +0000 UTC;Low Volume/Modbus/Read Var;98;0;908;52394
192.168.1.230;WIN10;;Management Stations;none;192.168.1.230;00:0c:29:4d:14:df;192.168.1.10;Vmware 192.168.1.10;;To be investigated;none;192.168.1.10;00:0c:29:a4:1c:64;2022-10-23 13:10:31.755 +0000 UTC;2026-06-22 00:50:03.32 +0000 UTC;ARP/Low Volume/Ping;0;0;141778;22444447
192.168.1.230;WIN10;;Management Stations;none;192.168.1.230;00:0c:29:4d:14:df;192.168.1.11;kp8xb1dd2c;;Siemens;3 - high;192.168.1.11;ac:64:17:1c:6a:c4;2022-10-23 13:10:31.755 +0000 UTC;2026-06-22 00:50:03.32 +0000 UTC;ARP/Low Volume/Unestablished;28;0;182;11404
192.168.1.230;WIN10;;Management Stations;none;192.168.1.230;00:0c:29:4d:14:df;192.168.1.6;Siemens 192.168.1.6;;Siemens;3 - high;192.168.1.6;e0:dc:a0:49:49:76;2022-10-23 13:10:31.755 +0000 UTC;2026-06-22 00:50:03.32 +0000 UTC;ARP/Low Volume/Read Var/S7Plus/Write Var;5;0;60;5782
192.168.1.230;WIN10;;Management Stations;none;192.168.1.230;00:0c:29:4d:14:df;IR1101.iot.szreter.online 34:ed:1b:52:95:00;IR1101.iot.szreter.online 34:ed:1b:52:95:00;;Edge Intelligence;1 - low;192.168.1.9;34:ed:1b:52:95:00;2022-10-23 13:10:31.755 +0000 UTC;2026-06-22 00:50:03.32 +0000 UTC;ARP;4;0;160;11839
192.168.1.241;Cisco 192.168.1.241;;Cyber Vision Sensor;1 - low;192.168.1.241;d0:ec:35:cd:43:2a;192.168.1.10;Vmware 192.168.1.10;;To be investigated;none;192.168.1.10;00:0c:29:a4:1c:64;2022-10-23 13:10:31.755 +0000 UTC;2026-06-22 00:50:03.32 +0000 UTC;ARP/Low Volume/Netbios/SMB/Unestablished;3;0;7;472
192.168.1.241;Cisco 192.168.1.241;;Cyber Vision Sensor;1 - low;192.168.1.241;d0:ec:35:cd:43:2a;192.168.1.11;kp8xb1dd2c;;Siemens;3 - high;192.168.1.11;ac:64:17:1c:6a:c4;2022-10-23 13:10:31.755 +0000 UTC;2026-06-22 00:50:03.32 +0000 UTC;Active Discovery/Profinet/Profinet DCP;0;0;645;72240
192.168.1.241;Cisco 192.168.1.241;;Cyber Vision Sensor;1 - low;192.168.1.241;d0:ec:35:cd:43:2a;192.168.1.6;plcxb1d0ed;;Siemens;3 - high;192.168.1.6;e0:dc:a0:49:49:76;2022-10-23 13:10:31.755 +0000 UTC;2026-06-22 00:50:03.32 +0000 UTC;Active Discovery/Profinet/Profinet DCP;0;0;622;57224
192.168.1.254;Hirschmann 192.168.1.254;;Furnace;2 - medium;192.168.1.254;ec:74:ba:03:98:6b;192.168.1.5;SCS0102;;Furnace;2 - medium;192.168.1.5;00:00:64:8c:86:34;2022-10-23 13:10:31.755 +0000 UTC;2026-06-22 00:50:03.32 +0000 UTC;ARP/Time Management/Low Volume;1;12;14;1050
192.168.1.5;SCS0102;;Furnace;2 - medium;192.168.1.5;00:00:64:8c:86:34;192.168.1.124;Yokogawa 192.168.1.124;;Furnace 2;2 - medium;192.168.1.124;00:00:64:8c:6a:2c;2022-10-23 13:10:31.755 +0000 UTC;2026-06-22 00:50:03.32 +0000 UTC;ARP/Low Volume/VNET/IP;2;12;6;610
192.168.1.5;Yokogawa 192.168.1.4;;Furnace;2 - medium;192.168.1.4;00:00:64:8c:86:08;192.168.1.124;Yokogawa 192.168.1.124;;Furnace 2;2 - medium;192.168.1.124;00:00:64:8c:6a:2c;2022-10-23 13:10:31.755 +0000 UTC;2026-06-22 00:50:03.32 +0000 UTC;ARP/Low Volume/VNET/IP;2;12;4;318
192.168.1.5;SCS0102;;Furnace;2 - medium;192.168.1.5;00:00:64:8c:86:34;192.168.1.128;Yokogawa 192.168.1.128;;Furnace;2 - medium;192.168.1.128;00:00:64:8c:ba:90;2022-10-23 13:10:31.755 +0000 UTC;2026-06-22 00:50:03.32 +0000 UTC;Controller Info/Low Volume/VNET/IP/Yokogawa;3;12;15;2882
192.168.1.5;Yokogawa 192.168.1.4;;Furnace;2 - medium;192.168.1.4;00:00:64:8c:86:08;192.168.1.5;SCS0102;;Furnace;2 - medium;192.168.1.5;00:00:64:8c:86:34;2022-10-23 13:10:31.755 +0000 UTC;2026-06-22 00:50:03.32 +0000 UTC;Low Volume/VNET/IP;3;12;1607;148082
192.168.1.5;SCS0102;;Furnace;2 - medium;192.168.1.5;00:00:64:8c:86:34;;239.192.24.4;;Furnace 2;2 - medium;239.192.24.4;01:00:5e:40:18:04;2022-10-23 13:10:31.755 +0000 UTC;2026-06-22 00:50:03.32 +0000 UTC;Low Volume/Multicast/VNET/IP;4;12;1622;384996
192.168.1.5;Yokogawa 192.168.1.4;;Furnace;2 - medium;192.168.1.4;00:00:64:8c:86:08;;255.255.255.255;;Broadcast Components;0 - very low;255.255.255.255;ff:ff:ff:ff:ff:ff;2022-10-23 13:10:31.755 +0000 UTC;2026-06-22 00:50:03.32 +0000 UTC;ARP/Broadcast;0;12;2;120
192.168.1.5;SCS0102;;Furnace;2 - medium;192.168.1.5;00:00:64:8c:86:34;;255.255.255.255;;Broadcast Components;0 - very low;255.255.255.255;ff:ff:ff:ff:ff:ff;2022-10-23 13:10:31.755 +0000 UTC;2026-06-22 00:50:03.32 +0000 UTC;ARP/Broadcast;0;12;9;540
192.168.1.5;SCS0102;;Furnace;2 - medium;192.168.1.5;00:00:64:8c:86:34;;239.192.24.0;;Furnace 2;2 - medium;239.192.24.0;01:00:5e:40:18:00;2022-10-23 13:10:31.755 +0000 UTC;2026-06-22 00:50:03.32 +0000 UTC;Multicast/VNET/IP;3;12;1600;401600
192.168.1.5;Yokogawa 192.168.1.4;;Furnace;2 - medium;192.168.1.4;00:00:64:8c:86:08;;239.192.24.0;;Furnace 2;2 - medium;239.192.24.0;01:00:5e:40:18:00;2022-10-23 13:10:31.755 +0000 UTC;2026-06-22 00:50:03.32 +0000 UTC;Low Volume/Multicast/VNET/IP;2;12;808;201132
192.168.1.50;Cisco 192.168.1.50;;Secondary substation;2 - medium;192.168.1.50;70:7d:b9:41:3e:bf;192.168.1.10;Vmware 192.168.1.10;;To be investigated;none;192.168.1.10;00:0c:29:a4:1c:64;2022-10-23 13:10:31.755 +0000 UTC;2026-06-22 00:50:03.32 +0000 UTC;ARP/Low Volume/Remote access/Unestablished;6;1;974462;181871646
192.168.1.50;192.168.1.50;;Secondary substation;2 - medium;192.168.1.50;34:ed:1b:52:95:00;192.168.1.18;192.168.1.18;IOT_eTANGO;Secondary substation;2 - medium;192.168.1.18;56:01:b0:a3:01:12;2022-10-23 13:10:31.755 +0000 UTC;2026-06-22 00:50:03.32 +0000 UTC;Low Volume/Modbus/Read Var;14;0;627;39498
192.168.1.50;Cisco 192.168.1.50;;Secondary substation;2 - medium;192.168.1.50;70:7d:b9:41:3e:bf;192.168.1.18;192.168.1.18;IOT_eTANGO;Secondary substation;2 - medium;192.168.1.18;56:01:b0:a3:01:12;2022-10-23 13:10:31.755 +0000 UTC;2026-06-22 00:50:03.32 +0000 UTC;Low Volume/Modbus/Read Var/Unestablished;24;0;4933;309496
192.168.1.50;Cisco 192.168.1.50;;Secondary substation;2 - medium;192.168.1.50;70:7d:b9:41:3e:bf;192.168.1.230;WIN10;;Management Stations;none;192.168.1.230;00:0c:29:4d:14:df;2022-10-23 13:10:31.755 +0000 UTC;2026-06-22 00:50:03.32 +0000 UTC;ARP/Low Volume/OPC UA/Unestablished;7316;0;28960;2040486
192.168.1.50;Cisco 192.168.1.50;;Secondary substation;2 - medium;192.168.1.50;70:7d:b9:41:3e:bf;IR1101.iot.szreter.online 34:ed:1b:52:95:00;IR1101.iot.szreter.online 34:ed:1b:52:95:00;;Edge Intelligence;1 - low;192.168.1.9;34:ed:1b:52:95:00;2022-10-23 13:10:31.755 +0000 UTC;2026-06-22 00:50:03.32 +0000 UTC;ARP;1;0;1;28
192.168.1.6;plcxb1d0ed;;Siemens;3 - high;192.168.1.6;e0:dc:a0:49:49:76;192.168.1.10;192.168.1.10;;To be investigated;none;192.168.1.10;34:ed:1b:52:95:00;2022-10-23 13:10:31.755 +0000 UTC;2026-06-22 00:50:03.32 +0000 UTC;Low Volume/Port Scan Activity/Unestablished;5;0;10;740
192.168.1.6;plcxb1d0ed;;Siemens;3 - high;192.168.1.6;e0:dc:a0:49:49:76;192.168.1.10;Vmware 192.168.1.10;;To be investigated;none;192.168.1.10;00:0c:29:a4:1c:64;2022-10-23 13:10:31.755 +0000 UTC;2026-06-22 00:50:03.32 +0000 UTC;ARP/Authentication/Citect Alarm/Citect IO/Citect Report/Citect Trend/Time Management/CPHA/Database/DNS/Echo Protocol/Email/Encrypted/EthernetIP/Fieldbus HSE/FTP/High availability/Heartbeat/Host Config/HTTP/HTTPS/IEC-104/Insecure/Log/LonWorks/Lotus notes protocol/Low Volume/MS-SQL/Netbios/Net Management/Net Routing/OPC UA/OPC UA Discovery/Ovation protocol/PCVue protocol/Phoenix contact protocol/PI Osisoft protocol/Port Scan Activity/Printer Management/Proxy/Remote access/Emerson ROC Plus/Procedure Call/SMB/Streaming/IT File Sync/Telnet/Unestablished/Web;0;1;33186;2126474
192.168.1.6;Siemens 192.168.1.6;;Siemens;3 - high;192.168.1.6;e0:dc:a0:49:49:76;192.168.1.11;kp8xb1dd2c;;Siemens;3 - high;192.168.1.11;ac:64:17:1c:6a:c4;2022-10-23 13:10:31.755 +0000 UTC;2026-06-22 00:50:03.32 +0000 UTC;ARP/Low Volume;0;0;9;2504
192.168.1.6;Siemens 49:49:76;;Siemens;3 - high;;e0:dc:a0:49:49:76;192.168.1.11;kp8xb1dd2c;;Siemens;3 - high;192.168.1.11;ac:64:17:1c:6a:c4;2022-10-23 13:10:31.755 +0000 UTC;2026-06-22 00:50:03.32 +0000 UTC;Profinet/Profinet DCP;1;0;3;336
192.168.1.6;Siemens 49:49:76;;Siemens;3 - high;;e0:dc:a0:49:49:76;192.168.1.11;Siemens 1c:6a:c4;;Siemens;3 - high;;ac:64:17:1c:6a:c4;2022-10-23 13:10:31.755 +0000 UTC;2026-06-22 00:50:03.32 +0000 UTC;Profinet/PROFINET/IO (PN-IO);1;0;1989419;119365276
192.168.1.6;plcxb1d0ed;;Siemens;3 - high;192.168.1.6;e0:dc:a0:49:49:76;192.168.1.11;kp8xb1dd2c;;Siemens;3 - high;192.168.1.11;ac:64:17:1c:6a:c4;2022-10-23 13:10:31.755 +0000 UTC;2026-06-22 00:50:03.32 +0000 UTC;ARP;4;0;98;27516
192.168.1.6;Siemens 49:49:76;;Siemens;3 - high;;e0:dc:a0:49:49:76;192.168.1.11;kp8xb1dd2c;;Siemens;3 - high;192.168.1.11;ac:64:17:1c:6a:c4;2022-10-23 13:10:31.755 +0000 UTC;2026-06-22 00:50:03.32 +0000 UTC;Network Configuration/Profinet/Profinet DCP;1;0;270977720;16258664080
192.168.1.6;plcxb1d0ed;;Siemens;3 - high;192.168.1.6;e0:dc:a0:49:49:76;IR1101.iot.szreter.online 34:ed:1b:52:95:00;IR1101.iot.szreter.online 34:ed:1b:52:95:00;;Edge Intelligence;1 - low;192.168.1.9;34:ed:1b:52:95:00;2022-10-23 13:10:31.755 +0000 UTC;2026-06-22 00:50:03.32 +0000 UTC;ARP;1;0;1;28
192.168.105.1;Super 192.168.105.1;;Drilling Machine;0 - very low;192.168.105.1;00:25:90:f9:f5:cc;192.168.105.241;Dell 192.168.105.241;;Drilling Machine;0 - very low;192.168.105.241;34:17:eb:d1:c9:97;2022-10-23 13:10:31.755 +0000 UTC;2026-06-22 00:50:03.32 +0000 UTC;ARP/Remote access/Web;36;152;8959;8866656
192.168.105.1;Super 192.168.105.1;;Drilling Machine;0 - very low;192.168.105.1;00:25:90:f9:f5:cc;;255.255.255.255;;Broadcast Components;0 - very low;255.255.255.255;ff:ff:ff:ff:ff:ff;2022-10-23 13:10:31.755 +0000 UTC;2026-06-22 00:50:03.32 +0000 UTC;ARP/Broadcast;0;152;1462;87720
192.168.105.112;PLC_1;;Drilling Machine;0 - very low;192.168.105.112;28:63:36:85:b3:32;192.168.105.241;Dell 192.168.105.241;;Drilling Machine;0 - very low;192.168.105.241;34:17:eb:d1:c9:97;2022-10-23 13:10:31.755 +0000 UTC;2026-06-22 00:50:03.32 +0000 UTC;ARP/Program Upload/Read Var/S7Plus/Start CPU/Stop CPU/Write Var;4;141;1419;168123
192.168.105.112;PLC_1;;Drilling Machine;0 - very low;192.168.105.112;28:63:36:85:b3:32;;255.255.255.255;;Broadcast Components;0 - very low;255.255.255.255;ff:ff:ff:ff:ff:ff;2022-10-23 13:10:31.755 +0000 UTC;2026-06-22 00:50:03.32 +0000 UTC;ARP/Broadcast;0;152;44;2640
192.168.105.130;PLC_3;;Drilling Machine;0 - very low;192.168.105.130;28:63:36:82:28:96;192.168.105.112;PLC_1;;Drilling Machine;0 - very low;192.168.105.112;28:63:36:85:b3:32;2022-10-23 13:10:31.755 +0000 UTC;2026-06-22 00:50:03.32 +0000 UTC;ARP;1;152;259;15540
192.168.105.130;PLC_3;;Drilling Machine;0 - very low;192.168.105.130;28:63:36:82:28:96;192.168.105.241;Dell 192.168.105.241;;Drilling Machine;0 - very low;192.168.105.241;34:17:eb:d1:c9:97;2022-10-23 13:10:31.755 +0000 UTC;2026-06-22 00:50:03.32 +0000 UTC;ARP/Program Upload/Read Var/S7Plus/Start CPU/Stop CPU/Write Var;2;152;1539;164631
192.168.105.130;PLC_3;;Drilling Machine;0 - very low;192.168.105.130;28:63:36:82:28:96;;255.255.255.255;;Broadcast Components;0 - very low;255.255.255.255;ff:ff:ff:ff:ff:ff;2022-10-23 13:10:31.755 +0000 UTC;2026-06-22 00:50:03.32 +0000 UTC;ARP/Broadcast;0;148;21;1260
192.168.105.241;Dell 192.168.105.241;;Drilling Machine;0 - very low;192.168.105.241;34:17:eb:d1:c9:97;;224.0.0.252;;IPv6 Components;0 - very low;224.0.0.252;01:00:5e:00:00:fc;2022-10-23 13:10:31.755 +0000 UTC;2026-06-22 00:50:03.32 +0000 UTC;Low Volume/Multicast/Netbios;120;152;240;15358
192.168.105.241;Dell 192.168.105.241;;Drilling Machine;0 - very low;192.168.105.241;34:17:eb:d1:c9:97;;255.255.255.255;;Broadcast Components;0 - very low;255.255.255.255;ff:ff:ff:ff:ff:ff;2022-10-23 13:10:31.755 +0000 UTC;2026-06-22 00:50:03.32 +0000 UTC;ARP/Broadcast/Host Config;1;152;273;40745
192.168.105.70;LD810EP;;Building mgmt;0 - very low;192.168.105.70;00:11:43:6c:f8:89;;LD810EP;;Broadcast Components;0 - very low;192.168.105.255;ff:ff:ff:ff:ff:ff;2022-10-23 13:10:31.755 +0000 UTC;2026-06-22 00:50:03.32 +0000 UTC;Broadcast/Low Volume/Netbios/SMB;2;141;48;5828
192.168.105.70;LD810EP;;Building mgmt;0 - very low;192.168.105.70;00:11:43:6c:f8:89;;STATION;;Building mgmt;0 - very low;192.168.105.220;00:80:f4:01:3a:fa;2022-10-23 13:10:31.755 +0000 UTC;2026-06-22 00:50:03.32 +0000 UTC;ARP/Start CPU/Stop CPU/Unite;1;152;763404;56410873
192.168.105.70;LD810EP;;Building mgmt;0 - very low;192.168.105.70;00:11:43:6c:f8:89;;255.255.255.255;;Broadcast Components;0 - very low;255.255.255.255;ff:ff:ff:ff:ff:ff;2022-10-23 13:10:31.755 +0000 UTC;2026-06-22 00:50:03.32 +0000 UTC;ARP/Broadcast;0;141;7;420
192.168.116.138;DFIR-Win7-x64;;Enterprise Network;1 - low;192.168.116.138;00:19:bb:4f:4c:d8;;255.255.255.255;;Broadcast Components;0 - very low;255.255.255.255;ff:ff:ff:ff:ff:ff;2022-10-23 13:10:31.755 +0000 UTC;2026-06-22 00:50:03.32 +0000 UTC;Broadcast/Host Config/Low Volume;1;0;2;684
192.168.116.138;DFIR-Win7-x64;;Enterprise Network;1 - low;192.168.116.138;00:19:bb:4f:4c:d8;;224.0.0.252;;IPv6 Components;0 - very low;224.0.0.252;01:00:5e:00:00:fc;2022-10-23 13:10:31.755 +0000 UTC;2026-06-22 00:50:03.32 +0000 UTC;Low Volume/Multicast;1;0;2;132
192.168.116.143;TESTDC1;;Enterprise Network;1 - low;192.168.116.143;a4:1f:72:20:54:01;192.168.116.138;DFIR-Win7-x64;;Enterprise Network;1 - low;192.168.116.138;00:19:bb:4f:4c:d8;2022-10-23 13:10:31.755 +0000 UTC;2026-06-22 00:50:03.32 +0000 UTC;ARP/Exception/Insecure/Low Volume/Netbios/Netbios Name Service/Procedure Call/SMB;6;0;54;14740
192.168.116.143;TESTDC1;;Enterprise Network;1 - low;192.168.116.143;a4:1f:72:20:54:01;192.168.116.254;192.168.116.254;;Enterprise Network;1 - low;192.168.116.254;00:08:83:e7:3a:14;2022-10-23 13:10:31.755 +0000 UTC;2026-06-22 00:50:03.32 +0000 UTC;ARP/Host Config/Low Volume;2;1;3;728
192.168.116.143;TESTDC1;;Enterprise Network;1 - low;192.168.116.143;a4:1f:72:20:54:01;;192.168.116.255;;Broadcast Components;0 - very low;192.168.116.255;ff:ff:ff:ff:ff:ff;2022-10-23 13:10:31.755 +0000 UTC;2026-06-22 00:50:03.32 +0000 UTC;Broadcast/Insecure/Low Volume/Netbios/Netbios Name Service/SMB;2;0;11;1314
192.168.116.149;DFIR-Win7-x86;;Enterprise Network;1 - low;192.168.116.149;00:25:b3:f5:fa:74;192.168.116.138;DFIR-Win7-x64;;Enterprise Network;1 - low;192.168.116.138;00:19:bb:4f:4c:d8;2022-10-23 13:10:31.755 +0000 UTC;2026-06-22 00:50:03.32 +0000 UTC;ARP/Exception/Insecure/Low Volume/Procedure Call/SMB;121;0;219;83194
192.168.116.149;DFIR-Win7-x86;;Enterprise Network;1 - low;192.168.116.149;00:25:b3:f5:fa:74;192.168.116.143;TESTDC1;;Enterprise Network;1 - low;192.168.116.143;a4:1f:72:20:54:01;2022-10-23 13:10:31.755 +0000 UTC;2026-06-22 00:50:03.32 +0000 UTC;ARP/Exception/Insecure/Netbios/Netbios Name Service/Procedure Call/SMB;96;0;1918;848698
192.168.116.149;DFIR-Win7-x86;;Enterprise Network;1 - low;192.168.116.149;00:25:b3:f5:fa:74;192.168.116.150;WIN-2012-R2-1;;Enterprise Network;1 - low;192.168.116.150;00:08:83:e7:3a:14;2022-10-23 13:10:31.755 +0000 UTC;2026-06-22 00:50:03.32 +0000 UTC;ARP/Exception/ICMP/Insecure/Low Volume/Procedure Call/SMB;10;0;66;6542
192.168.116.149;DFIR-Win7-x86;;Enterprise Network;1 - low;192.168.116.149;00:25:b3:f5:fa:74;192.168.116.254;192.168.116.254;;Enterprise Network;1 - low;192.168.116.254;00:08:83:e7:3a:14;2022-10-23 13:10:31.755 +0000 UTC;2026-06-22 00:50:03.32 +0000 UTC;ARP/Host Config/Low Volume/SMB/Unestablished;3;1;6;1462
192.168.116.149;DFIR-Win7-x86;;Enterprise Network;1 - low;192.168.116.149;00:25:b3:f5:fa:74;;192.168.116.255;;Broadcast Components;0 - very low;192.168.116.255;ff:ff:ff:ff:ff:ff;2022-10-23 13:10:31.755 +0000 UTC;2026-06-22 00:50:03.32 +0000 UTC;Broadcast/Insecure/Netbios/Netbios Name Service/SMB;2;0;68;14898
192.168.116.149;DFIR-Win7-x86;;Enterprise Network;1 - low;192.168.116.149;00:25:b3:f5:fa:74;;224.0.0.252;;IPv6 Components;0 - very low;224.0.0.252;01:00:5e:00:00:fc;2022-10-23 13:10:31.755 +0000 UTC;2026-06-22 00:50:03.32 +0000 UTC;Low Volume/Multicast;7;0;9;621
192.168.116.149;DFIR-Win7-x86;;Enterprise Network;1 - low;192.168.116.149;00:25:b3:f5:fa:74;;255.255.255.255;;Broadcast Components;0 - very low;255.255.255.255;ff:ff:ff:ff:ff:ff;2022-10-23 13:10:31.755 +0000 UTC;2026-06-22 00:50:03.32 +0000 UTC;Broadcast/Host Config/Low Volume;1;0;4;1368
192.168.116.172;C-DFIR-Win7-x86;;Enterprise Network;1 - low;192.168.116.172;00:1c:c4:33:c6:dd;192.168.116.143;TESTDC1;;Enterprise Network;1 - low;192.168.116.143;a4:1f:72:20:54:01;2022-10-23 13:10:31.755 +0000 UTC;2026-06-22 00:50:03.32 +0000 UTC;ARP/Exception/Insecure/Low Volume/Netbios/Netbios Name Service/Procedure Call/SMB;7;0;69;19593
192.168.116.172;C-DFIR-Win7-x86;;Enterprise Network;1 - low;192.168.116.172;00:1c:c4:33:c6:dd;192.168.116.149;DFIR-Win7-x86;;Enterprise Network;1 - low;192.168.116.149;00:25:b3:f5:fa:74;2022-10-23 13:10:31.755 +0000 UTC;2026-06-22 00:50:03.32 +0000 UTC;ARP/Exception/Insecure/Low Volume/Procedure Call/SMB;79;0;129;73853
192.168.116.172;C-DFIR-Win7-x86;;Enterprise Network;1 - low;192.168.116.172;00:1c:c4:33:c6:dd;192.168.116.150;WIN-2012-R2-1;;Enterprise Network;1 - low;192.168.116.150;00:08:83:e7:3a:14;2022-10-23 13:10:31.755 +0000 UTC;2026-06-22 00:50:03.32 +0000 UTC;ARP/Exception/Insecure/Low Volume/Procedure Call/SMB;5;0;2;130
192.168.116.172;C-DFIR-Win7-x86;;Enterprise Network;1 - low;192.168.116.172;00:1c:c4:33:c6:dd;192.168.116.254;192.168.116.254;;Enterprise Network;1 - low;192.168.116.254;00:08:83:e7:3a:14;2022-10-23 13:10:31.755 +0000 UTC;2026-06-22 00:50:03.32 +0000 UTC;ARP/Host Config/Low Volume/SMB/Unestablished;3;0;2;684
192.168.116.172;C-DFIR-Win7-x86;;Enterprise Network;1 - low;192.168.116.172;00:1c:c4:33:c6:dd;;255.255.255.255;;Broadcast Components;0 - very low;255.255.255.255;ff:ff:ff:ff:ff:ff;2022-10-23 13:10:31.755 +0000 UTC;2026-06-22 00:50:03.32 +0000 UTC;Broadcast/Host Config/Low Volume;1;0;2;684
192.168.116.172;C-DFIR-Win7-x86;;Enterprise Network;1 - low;192.168.116.172;00:1c:c4:33:c6:dd;;224.0.0.252;;IPv6 Components;0 - very low;224.0.0.252;01:00:5e:00:00:fc;2022-10-23 13:10:31.755 +0000 UTC;2026-06-22 00:50:03.32 +0000 UTC;Low Volume/Multicast;1;0;1;73
192.168.116.172;C-DFIR-Win7-x86;;Enterprise Network;1 - low;192.168.116.172;00:1c:c4:33:c6:dd;;192.168.116.255;;Broadcast Components;0 - very low;192.168.116.255;ff:ff:ff:ff:ff:ff;2022-10-23 13:10:31.755 +0000 UTC;2026-06-22 00:50:03.32 +0000 UTC;Broadcast/Insecure/Netbios/Netbios Name Service/SMB;2;0;27;6072
192.168.116.254;192.168.116.254;;Enterprise Network;1 - low;192.168.116.254;00:08:83:e7:3a:14;192.168.116.150;WIN-2012-R2-1;;Enterprise Network;1 - low;192.168.116.150;00:08:83:e7:3a:14;2022-10-23 13:10:31.755 +0000 UTC;2026-06-22 00:50:03.32 +0000 UTC;ARP/Host Config/Low Volume;2;2;5;1452
192.168.119.210;Vmware 192.168.119.210;Vmvare 192.168.119.210;Management Stations;none;192.168.119.210;00:0c:29:c9:a8:aa;192.168.119.211;Vmware 192.168.119.211;;Station Bus Network;2 - medium;192.168.119.211;00:0c:29:ff:1d:3d;2022-10-23 13:10:31.755 +0000 UTC;2026-06-22 00:50:03.32 +0000 UTC;ARP/Exception/ICMP/Low Volume/Modbus/Ping/Read Var/Unestablished;46;0;416;30098
192.168.119.210;Microsoft 192.168.119.210;;Management Stations;none;192.168.119.210;f0:6e:0b:c9:a8:aa;192.168.119.211;Lantronix 192.168.119.211;;Station Bus Network;2 - medium;192.168.119.211;00:80:a3:ff:1d:3d;2022-10-23 13:10:31.755 +0000 UTC;2026-06-22 00:50:03.32 +0000 UTC;Low Volume/Modbus/Write Var;1;0;8;609
192.168.234.10;192.168.234.10;;Cell-1;3 - high;192.168.234.10;3c:18:a0:1c:b0:e9;192.168.234.20;192.168.234.20;;Cell-1;3 - high;192.168.234.20;00:03:27:57:f2:c5;2024-11-04 13:15:28.185 +0000 UTC;2026-06-22 00:50:03.32 +0000 UTC;HTTP/Insecure/Web;2;0;336;89950
28:63:36:94:9e:7d;Siemens 94:9e:7d;;Demo Baseline;2 - medium;;28:63:36:94:9e:7d;192.168.3.56;kp8xb1dd2c;;Demo Baseline;2 - medium;192.168.3.56;28:63:36:44:93:bb;2022-10-23 13:10:31.755 +0000 UTC;2026-06-22 00:50:03.32 +0000 UTC;Profinet/Profinet DCP;1;0;2;224
28:63:36:94:9e:7d;Siemens 94:9e:7d;;Demo Baseline;2 - medium;;28:63:36:94:9e:7d;192.168.3.56;Siemens 44:93:bb;;Demo Baseline;2 - medium;;28:63:36:44:93:bb;2022-10-23 13:10:31.755 +0000 UTC;2026-06-22 00:50:03.32 +0000 UTC;Profinet/PROFINET/IO (PN-IO);1;0;224503;13470316
28:63:36:94:9e:7d;Siemens 94:9e:7d;;Demo Baseline;2 - medium;;28:63:36:94:9e:7d;;Profinet DCP Multicast 0:0:0;;Broadcast Components;0 - very low;;01:0e:cf:00:00:00;2022-10-23 13:10:31.755 +0000 UTC;2026-06-22 00:50:03.32 +0000 UTC;Multicast/Profinet;1;0;3;180
EWONPLC | 1769-L24ER-QBFC1B/B LOGIX5324ER;EWONPLC | 1769-L24ER-QBFC1B/B LOGIX5324ER;;Rockwell;3 - high;192.168.234.30;08:61:95:a9:06:29;192.168.234.20;192.168.234.20;;Cell-1;3 - high;192.168.234.20;00:03:27:57:f2:c5;2024-11-04 13:15:28.2 +0000 UTC;2026-06-22 00:50:03.32 +0000 UTC;ARP/EthernetIP;4;0;1310;126670
EWONPLC | 1769-L24ER-QBFC1B/B LOGIX5324ER;" (P1-L03)";;Rockwell;3 - high;192.168.234.30;08:61:95:a9:06:29;192.168.234.20;192.168.234.20;;Cell-1;3 - high;192.168.234.20;00:03:27:57:f2:c5;2024-11-04 13:15:28.218 +0000 UTC;2026-06-22 00:50:03.32 +0000 UTC;EthernetIP;2;0;639;89058
EWONPLC | 1769-L24ER-QBFC1B/B LOGIX5324ER;" (P1-L01)";;Rockwell;3 - high;192.168.234.30;08:61:95:a9:06:29;192.168.234.20;192.168.234.20;;Cell-1;3 - high;192.168.234.20;00:03:27:57:f2:c5;2024-11-04 13:15:28.218 +0000 UTC;2026-06-22 00:50:03.32 +0000 UTC;EthernetIP;2;0;650;98330
EWONPLC | 1769-L24ER-QBFC1B/B LOGIX5324ER;" (P1-L02)";;Rockwell;3 - high;192.168.234.30;08:61:95:a9:06:29;192.168.234.20;192.168.234.20;;Cell-1;3 - high;192.168.234.20;00:03:27:57:f2:c5;2024-11-04 13:15:28.218 +0000 UTC;2026-06-22 00:50:03.32 +0000 UTC;EthernetIP;2;0;639;88488
EWONPLC | 1769-L24ER-QBFC1B/B LOGIX5324ER;EWONPLC | 1769-L24ER-QBFC1B/B LOGIX5324ER (P1-L00);;Rockwell;3 - high;192.168.234.30;08:61:95:a9:06:29;192.168.234.20;192.168.234.20;;Cell-1;3 - high;192.168.234.20;00:03:27:57:f2:c5;2024-11-04 13:15:28.218 +0000 UTC;2026-06-22 00:50:03.32 +0000 UTC;EthernetIP;2;0;654;97898
IR1101.iot.szreter.online 34:ed:1b:52:95:00;IR1101.iot.szreter.online 34:ed:1b:52:95:00;;Edge Intelligence;1 - low;192.168.1.9;34:ed:1b:52:95:00;192.168.1.10;Vmware 192.168.1.10;;To be investigated;none;192.168.1.10;00:0c:29:a4:1c:64;2022-10-23 13:10:31.755 +0000 UTC;2026-06-22 00:50:03.32 +0000 UTC;ARP/Authentication/Citect Alarm/Citect IO/Citect Report/Citect Trend/Time Management/CPHA/Database/DNS/Echo Protocol/Email/Encrypted/EthernetIP/Fieldbus HSE/FTP/High availability/Heartbeat/Host Config/HTTP/HTTPS/IEC-104/Insecure/Log/LonWorks/Lotus notes protocol/Low Volume/MS-SQL/Netbios/Net Management/Net Routing/OPC UA/OPC UA Discovery/Ovation protocol/PCVue protocol/Phoenix contact protocol/PI Osisoft protocol/Port Scan Activity/Printer Management/Proxy/Remote access/Emerson ROC Plus/Procedure Call/SMB/SSH/Streaming/IT File Sync/Telnet/Unestablished/Web;1121;10;2084008;158205529
IR1101_FCW2424P00Q.local 34:ed:1b:52:95:00;192.168.1.67;;Secondary substation;2 - medium;192.168.1.67;34:ed:1b:52:95:00;192.168.1.230;WIN10;;Management Stations;none;192.168.1.230;00:0c:29:4d:14:df;2022-10-23 13:10:31.755 +0000 UTC;2026-06-22 00:50:03.32 +0000 UTC;ARP/RDP/Remote access/SSL/TLS;0;4;32709;4003293
S7-400 station_1;S7-400 station_1;;Drilling Machine;0 - very low;192.168.105.115;00:1b:1b:b6:f6:99;192.168.105.241;Dell 192.168.105.241;;Drilling Machine;0 - very low;192.168.105.241;34:17:eb:d1:c9:97;2022-10-23 13:10:31.755 +0000 UTC;2026-06-22 00:50:03.32 +0000 UTC;ARP/Profinet/Profinet DCP/S7/Start CPU/Stop CPU;4;141;125404;18882761
SIMATIC 300(1);SIMATIC 300(1);;Folding Production Line;3 - high;192.168.0.1;00:0e:8c:84:5b:a6;192.168.0.10;Siemens 192.168.0.10;;Folding Production Line;3 - high;192.168.0.10;00:0e:8c:83:8b:ae;2022-10-23 13:10:31.755 +0000 UTC;2026-06-22 00:50:03.32 +0000 UTC;ARP/Read Var/S7;1;12;661;94907
SIMATIC 300(1);SIMATIC 300(1);;Folding Production Line;3 - high;192.168.0.1;00:0e:8c:84:5b:a6;192.168.0.155;192.168.0.155;;Folding Production Line;3 - high;192.168.0.155;52:54:00:c6:6b:fc;2022-10-23 13:10:31.755 +0000 UTC;2026-06-22 00:50:03.32 +0000 UTC;ARP/Ping/Read Var/S7;2;12;311;37179
SIMATIC 300(1);SIMATIC 300(1);;Folding Production Line;3 - high;192.168.0.1;00:0e:8c:84:5b:a6;192.168.0.2;Siemens 192.168.0.2;;Folding Production Line;3 - high;192.168.0.2;08:00:06:6b:f6:16;2022-10-23 13:10:31.755 +0000 UTC;2026-06-22 00:50:03.32 +0000 UTC;ARP/Low Volume;4;12;13;2766
SIMATIC 300(1);Siemens 84:5b:a6;;Folding Production Line;3 - high;;00:0e:8c:84:5b:a6;192.168.0.2;IM151-3PN;;Folding Production Line;3 - high;;08:00:06:6b:f6:16;2022-10-23 13:10:31.755 +0000 UTC;2026-06-22 00:50:03.32 +0000 UTC;Network Configuration/Profinet/Profinet DCP;1;12;468551;29987312
SIMATIC 300(1);SIMATIC 300(1);;Folding Production Line;3 - high;192.168.0.1;00:0e:8c:84:5b:a6;192.168.0.77;SENTRYO-SIMATIC;;Engineering Stations;2 - medium;192.168.0.77;52:54:00:c6:6b:aa;2022-10-23 13:10:31.755 +0000 UTC;2026-06-22 00:50:03.32 +0000 UTC;ARP/S7;3;12;395;35701
SIMATIC 300(1);SIMATIC 300(1);;Folding Production Line;3 - high;192.168.0.1;00:0e:8c:84:5b:a6;;255.255.255.255;;Broadcast Components;0 - very low;255.255.255.255;ff:ff:ff:ff:ff:ff;2022-10-23 13:10:31.755 +0000 UTC;2026-06-22 00:50:03.32 +0000 UTC;ARP/Broadcast;0;12;6;364
SecDemo_LinePLC | 1769-L16ER/B LOGIX5316ER;1769-L16ER/B LOGIX5316ER;;Demo Baseline;2 - medium;192.168.249.50;f4:54:33:91:cb:ee;192.168.249.114;Vmware 192.168.249.114;;Demo Baseline;2 - medium;192.168.249.114;00:0c:29:c7:c8:76;2022-10-23 13:10:31.755 +0000 UTC;2026-06-22 00:50:03.32 +0000 UTC;Diagnostics/EthernetIP/Low Volume/Stop CPU/Umas;7;2;2577;273783
SecDemo_LinePLC | 1769-L16ER/B LOGIX5316ER;SecDemo_LinePLC | 1769-L16ER/B LOGIX5316ER (Port1-Link00);;Demo Baseline;2 - medium;192.168.249.50;f4:54:33:91:cb:ee;192.168.249.114;Vmware 192.168.249.114;;Demo Baseline;2 - medium;192.168.249.114;00:0c:29:c7:c8:76;2022-10-23 13:10:31.755 +0000 UTC;2026-06-22 00:50:03.32 +0000 UTC;EthernetIP;1;0;134;11146
SecDemo_LinePLC | 1769-L16ER/B LOGIX5316ER;24VDC 16PT INPUT & 16PT OUTPUT (Port1-Link01);;Demo Baseline;2 - medium;192.168.249.50;f4:54:33:91:cb:ee;192.168.249.114;Vmware 192.168.249.114;;Demo Baseline;2 - medium;192.168.249.114;00:0c:29:c7:c8:76;2022-10-23 13:10:31.755 +0000 UTC;2026-06-22 00:50:03.32 +0000 UTC;EthernetIP;1;0;134;11146
SecDemo_LinePLC | 1769-L16ER/B LOGIX5316ER;1769-L16ER/B LOGIX5316ER;;Demo Baseline;2 - medium;192.168.249.50;f4:54:33:91:cb:ee;192.168.249.40;Rockwell 192.168.249.40;;Demo Baseline;2 - medium;192.168.249.40;f4:54:33:9b:77:76;2022-10-23 13:10:31.755 +0000 UTC;2026-06-22 00:50:03.32 +0000 UTC;EthernetIP/Read Var/Write Var;2;0;11515;1161718
;3com 10.0.0.8;;Station Bus Network;2 - medium;10.0.0.8;00:50:04:93:70:67;10.0.0.57;Abb 10.0.0.57;;Station Bus Network;2 - medium;10.0.0.57;b8:9b:e4:00:62:0d;2022-10-23 13:10:31.755 +0000 UTC;2026-06-22 00:50:03.32 +0000 UTC;Exception/Modbus/Read Var;3;0;114;8408
;3com 10.0.0.8;;Station Bus Network;2 - medium;10.0.0.8;00:50:04:93:70:67;10.0.0.57;Beckwith 10.0.0.57;Beckwith 10.0.0.57;Station Bus Network;2 - medium;10.0.0.57;00:1f:5a:00:62:0d;2022-10-23 13:10:31.755 +0000 UTC;2026-06-22 00:50:03.32 +0000 UTC;Exception/Modbus/Read Var;3;0;114;8408
;OWS1;;Broadcast Components;0 - very low;10.5.255.255;ff:ff:ff:ff:ff:ff;10.4.0.6;Dell 10.4.0.6;;Windows Stations;1 - low;10.4.0.6;84:8f:69:e1:a7:9b;2022-10-23 13:10:31.755 +0000 UTC;2026-06-22 00:50:03.32 +0000 UTC;Broadcast/Time Management/DeltaV protocol/Netbios/SMB;5;12;680;66760
;169.254.255.255;;Broadcast Components;0 - very low;169.254.255.255;ff:ff:ff:ff:ff:ff;169.254.92.57;PACKET-REPLY;;Packet Reply;none;169.254.92.57;00:0c:29:ec:a6:68;2022-10-23 13:10:31.755 +0000 UTC;2026-06-22 00:50:03.32 +0000 UTC;Broadcast/Insecure/Netbios/Netbios Name Service/SMB;2;0;4372;946902
;Broadcast ff:ff:ff;;Broadcast Components;0 - very low;;ff:ff:ff:ff:ff:ff;169.254.92.57;packet-reply;;Packet Reply;none;;00:0c:29:ec:a6:68;2022-10-23 13:10:31.755 +0000 UTC;2026-06-22 00:50:03.32 +0000 UTC;ARP/Broadcast/RARP;2;0;52;2960
;1756-L55/A 1756-M12/A LOGIX5555 (Port1-Link00);;Packing Machine;0 - very low;192.168.0.200;00:00:bc:5f:bc:ce;192.168.0.133;192.168.0.133;;Packing Machine;0 - very low;192.168.0.133;52:54:00:31:fd:ef;2022-10-23 13:10:31.755 +0000 UTC;2026-06-22 00:50:03.32 +0000 UTC;EthernetIP/Programming Mode/Start CPU/Stop CPU;2;12;1079;194261
;STATION-WINCC;;Broadcast Components;0 - very low;192.168.0.255;ff:ff:ff:ff:ff:ff;192.168.0.155;192.168.0.155;;Folding Production Line;3 - high;192.168.0.155;52:54:00:c6:6b:fc;2022-10-23 13:10:31.755 +0000 UTC;2026-06-22 00:50:03.32 +0000 UTC;Broadcast/Low Volume/Netbios/SMB;2;12;16;1995
;STATION-WINCC;;Broadcast Components;0 - very low;192.168.0.255;ff:ff:ff:ff:ff:ff;192.168.0.77;SENTRYO-SIMATIC;;Engineering Stations;2 - medium;192.168.0.77;52:54:00:c6:6b:aa;2022-10-23 13:10:31.755 +0000 UTC;2026-06-22 00:50:03.32 +0000 UTC;Broadcast/Low Volume/Netbios/SMB;2;12;16;1995
;239.192.24.0;;Furnace 2;2 - medium;239.192.24.0;01:00:5e:40:18:00;192.168.1.124;Yokogawa 192.168.1.124;;Furnace 2;2 - medium;192.168.1.124;00:00:64:8c:6a:2c;2022-10-23 13:10:31.755 +0000 UTC;2026-06-22 00:50:03.32 +0000 UTC;Low Volume/Multicast/VNET/IP;3;12;430;106748
;239.192.24.4;;Furnace 2;2 - medium;239.192.24.4;01:00:5e:40:18:04;192.168.1.124;Yokogawa 192.168.1.124;;Furnace 2;2 - medium;192.168.1.124;00:00:64:8c:6a:2c;2022-10-23 13:10:31.755 +0000 UTC;2026-06-22 00:50:03.32 +0000 UTC;Low Volume/Multicast/VNET/IP;2;12;6;744
;239.192.24.0;;Furnace 2;2 - medium;239.192.24.0;01:00:5e:40:18:00;192.168.1.128;Yokogawa 192.168.1.128;;Furnace;2 - medium;192.168.1.128;00:00:64:8c:ba:90;2022-10-23 13:10:31.755 +0000 UTC;2026-06-22 00:50:03.32 +0000 UTC;Low Volume/Multicast/VNET/IP;3;12;542;134748
;239.192.24.4;;Furnace 2;2 - medium;239.192.24.4;01:00:5e:40:18:04;192.168.1.128;Yokogawa 192.168.1.128;;Furnace;2 - medium;192.168.1.128;00:00:64:8c:ba:90;2022-10-23 13:10:31.755 +0000 UTC;2026-06-22 00:50:03.32 +0000 UTC;Low Volume/Multicast/VNET/IP;2;12;7;938
;239.192.24.0;;Furnace 2;2 - medium;239.192.24.0;01:00:5e:40:18:00;192.168.1.2;Yokogawa 192.168.1.2;;Engineering Stations;2 - medium;192.168.1.2;00:00:64:8c:c7:c0;2022-10-23 13:10:31.755 +0000 UTC;2026-06-22 00:50:03.32 +0000 UTC;Multicast/VNET/IP;1;12;800;200000
;239.192.24.0;;Furnace 2;2 - medium;239.192.24.0;01:00:5e:40:18:00;192.168.1.2;FCS0101;;Engineering Stations;2 - medium;192.168.1.3;00:00:64:8c:c7:c4;2022-10-23 13:10:31.755 +0000 UTC;2026-06-22 00:50:03.32 +0000 UTC;Multicast/VNET/IP;1;12;800;200000
;VMware 192.168.1.145;;Control Center;2 - medium;192.168.1.145;00:0c:29:84:ce:cb;192.168.1.200;Schweitzer 192.168.1.200;;Station Bus Network;2 - medium;192.168.1.200;00:30:a7:10:a1:57;2022-10-23 13:10:31.755 +0000 UTC;2026-06-22 00:50:03.32 +0000 UTC;Low Volume/Modbus/Read Var/Write Var;4;0;114;7962
;Siemens 192.168.105.150;;Drilling Machine;0 - very low;192.168.105.150;28:63:36:1e:10:05;192.168.105.112;PLC_1;;Drilling Machine;0 - very low;192.168.105.112;28:63:36:85:b3:32;2022-10-23 13:10:31.755 +0000 UTC;2026-06-22 00:50:03.32 +0000 UTC;ARP/Read Var/S7Plus/Write Var;2;152;99383;11320979
;LD810EP;;Broadcast Components;0 - very low;192.168.105.255;ff:ff:ff:ff:ff:ff;192.168.105.241;Dell 192.168.105.241;;Drilling Machine;0 - very low;192.168.105.241;34:17:eb:d1:c9:97;2022-10-23 13:10:31.755 +0000 UTC;2026-06-22 00:50:03.32 +0000 UTC;Broadcast/Netbios;5;152;3108;278000
;192.168.116.255;;Broadcast Components;0 - very low;192.168.116.255;ff:ff:ff:ff:ff:ff;192.168.116.138;DFIR-Win7-x64;;Enterprise Network;1 - low;192.168.116.138;00:19:bb:4f:4c:d8;2022-10-23 13:10:31.755 +0000 UTC;2026-06-22 00:50:03.32 +0000 UTC;Broadcast/Insecure/Netbios/Netbios Name Service/SMB;2;0;27;5648
;Broadcast ff:ff:ff;;Broadcast Components;0 - very low;;ff:ff:ff:ff:ff:ff;192.168.116.138;DFIR-Win7-x64;;Enterprise Network;1 - low;192.168.116.138;00:19:bb:4f:4c:d8;2022-10-23 13:10:31.755 +0000 UTC;2026-06-22 00:50:03.32 +0000 UTC;ARP/Broadcast;1;0;3;84
;Broadcast ff:ff:ff;;Broadcast Components;0 - very low;;ff:ff:ff:ff:ff:ff;192.168.116.143;TESTDC1;;Enterprise Network;1 - low;192.168.116.143;a4:1f:72:20:54:01;2022-10-23 13:10:31.755 +0000 UTC;2026-06-22 00:50:03.32 +0000 UTC;ARP/Broadcast;1;0;15;420
;Broadcast ff:ff:ff;;Broadcast Components;0 - very low;;ff:ff:ff:ff:ff:ff;192.168.116.149;DFIR-Win7-x86;;Enterprise Network;1 - low;192.168.116.149;00:25:b3:f5:fa:74;2022-10-23 13:10:31.755 +0000 UTC;2026-06-22 00:50:03.32 +0000 UTC;ARP/Broadcast;1;0;1367;38276
;192.168.116.255;;Broadcast Components;0 - very low;192.168.116.255;ff:ff:ff:ff:ff:ff;192.168.116.150;WIN-2012-R2-1;;Enterprise Network;1 - low;192.168.116.150;00:08:83:e7:3a:14;2022-10-23 13:10:31.755 +0000 UTC;2026-06-22 00:50:03.32 +0000 UTC;Broadcast/Insecure/Low Volume/Netbios/Netbios Name Service/SMB;2;0;8;1038
;Broadcast ff:ff:ff;;Broadcast Components;0 - very low;;ff:ff:ff:ff:ff:ff;192.168.116.150;WIN-2012-R2-1;;Enterprise Network;1 - low;192.168.116.150;00:08:83:e7:3a:14;2022-10-23 13:10:31.755 +0000 UTC;2026-06-22 00:50:03.32 +0000 UTC;ARP/Broadcast;1;0;61;1708
;Hewlett 255.255.255.255;;;none;255.255.255.255;00:19:bb:4f:4c:d8;192.168.116.254;192.168.116.254;;Enterprise Network;1 - low;192.168.116.254;00:08:83:e7:3a:14;2022-10-23 13:10:31.755 +0000 UTC;2026-06-22 00:50:03.32 +0000 UTC;Broadcast/Host Config/Low Volume;1;0;2;684
;Broadcast ff:ff:ff;;Broadcast Components;0 - very low;;ff:ff:ff:ff:ff:ff;192.168.234.20;192.168.234.20;;Cell-1;3 - high;192.168.234.20;00:03:27:57:f2:c5;2024-11-04 13:15:28.2 +0000 UTC;2026-06-22 00:50:03.32 +0000 UTC;ARP/Broadcast;2;0;2;56
;255.255.255.255;;Broadcast Components;0 - very low;255.255.255.255;ff:ff:ff:ff:ff:ff;192.168.249.114;Vmware 192.168.249.114;;Demo Baseline;2 - medium;192.168.249.114;00:0c:29:c7:c8:76;2022-10-23 13:10:31.755 +0000 UTC;2026-06-22 00:50:03.32 +0000 UTC;Broadcast/EthernetIP/Low Volume;3;0;72;4752
;Siemens 192.168.105.75;;Drilling Machine;0 - very low;192.168.105.75;e0:dc:a0:00:7e:1a;S7-400 station_1;S7-400 station_1;;Drilling Machine;0 - very low;192.168.105.115;00:1b:1b:b6:f6:99;2022-10-23 13:10:31.755 +0000 UTC;2026-06-22 00:50:03.32 +0000 UTC;Read Var;1;152;47161;6274398
;Profinet DCP Multicast 0:0:0;;Broadcast Components;0 - very low;;01:0e:cf:00:00:00;SIMATIC 300(1);Siemens 84:5b:a6;;Folding Production Line;3 - high;;00:0e:8c:84:5b:a6;2022-10-23 13:10:31.755 +0000 UTC;2026-06-22 00:50:03.32 +0000 UTC;Multicast/Profinet/Profinet DCP;1;12;1;64
;Cisco 192.168.4.252;;;none;192.168.4.252;50:67:ae:2f:84:04;SecDemo_LinePLC | 1769-L16ER/B LOGIX5316ER;1769-L16ER/B LOGIX5316ER;;Demo Baseline;2 - medium;192.168.249.50;f4:54:33:91:cb:ee;2022-10-23 13:10:31.755 +0000 UTC;2026-06-22 00:50:03.32 +0000 UTC;;2;0;6128;696675
;Fisher 10.16.116.254;;Chemical Emerson Process;4 - very high;10.16.116.254;00:22:e5:21:0a:86;;255.255.255.255;;Broadcast Components;0 - very low;255.255.255.255;ff:ff:ff:ff:ff:ff;2022-10-23 13:10:31.755 +0000 UTC;2026-06-22 00:50:03.32 +0000 UTC;ARP/Broadcast;0;12;11;660
;Fisher 10.16.116.254;;Chemical Emerson Process;4 - very high;10.16.116.254;00:22:e5:21:0a:86;;10.16.117.255;;Broadcast Components;0 - very low;10.16.117.255;ff:ff:ff:ff:ff:ff;2022-10-23 13:10:31.755 +0000 UTC;2026-06-22 00:50:03.32 +0000 UTC;Broadcast;1;12;56;4592
;Telemecanique 172.16.1.20;;;none;172.16.1.20;00:80:f4:09:14:34;;Broadcast ff:ff:ff;;Broadcast Components;0 - very low;;ff:ff:ff:ff:ff:ff;2022-10-23 13:10:31.755 +0000 UTC;2026-06-22 00:50:03.32 +0000 UTC;ARP/Broadcast;1;0;2;56
;Siemens 192.168.105.150;;Drilling Machine;0 - very low;192.168.105.150;28:63:36:1e:10:05;;255.255.255.255;;Broadcast Components;0 - very low;255.255.255.255;ff:ff:ff:ff:ff:ff;2022-10-23 13:10:31.755 +0000 UTC;2026-06-22 00:50:03.32 +0000 UTC;ARP/Broadcast;0;148;6;360
